code_insee,nom,fichier,auteur,licence,licence_url
16001,Abzac,Abzac mairie.JPG,Jack ma,CC BY-SA 3.0,https://creativecommons.org/licenses/by-sa/3.0
16002,Les Adjots,Adjots mairie.JPG,Jack ma,CC BY-SA 3.0,https://creativecommons.org/licenses/by-sa/3.0
16003,Agris,Agris mairie.JPG,Jack ma,CC BY-SA 3.0,https://creativecommons.org/licenses/by-sa/3.0
16004,Aignes-et-Puypéroux,Aignespuyp mairie.JPG,Jack ma,CC BY-SA 3.0,https://creativecommons.org/licenses/by-sa/3.0
16005,Aigre,Aigre1.1.JPG,rosier,CC BY-SA 3.0,https://creativecommons.org/licenses/by-sa/3.0
16006,Aizecq,Aizecq mairie.JPG,Jack ma,CC BY-SA 3.0,https://creativecommons.org/licenses/by-sa/3.0
16007,Alloue,Alloue eg1.JPG,Jack ma,CC BY-SA 3.0,https://creativecommons.org/licenses/by-sa/3.0
16008,Ambérac,Ambérac13.JPG,rosier,CC BY-SA 3.0,https://creativecommons.org/licenses/by-sa/3.0
16009,Ambernac,Ambernac eg.JPG,Jack ma,CC BY-SA 3.0,https://creativecommons.org/licenses/by-sa/3.0
16010,Ambleville,Ambleville1.8.JPG,rosier,CC BY-SA 3.0,https://creativecommons.org/licenses/by-sa/3.0
16011,Anais,Anais4.JPG,rosier,CC BY-SA 3.0,https://creativecommons.org/licenses/by-sa/3.0
16012,Angeac-Champagne,Angeac-Champagne1.JPG,rosier,CC BY-SA 3.0,https://creativecommons.org/licenses/by-sa/3.0
16013,Angeac-Charente,Angeac-Chte7.JPG,rosier,CC BY-SA 3.0,https://creativecommons.org/licenses/by-sa/3.0
16014,Angeduc,Angeduc eg2.JPG,Jack ma,CC BY-SA 3.0,https://creativecommons.org/licenses/by-sa/3.0
16015,Angoulême,Angouleme.jpg,Jack ma,Public domain,
16016,Ansac-sur-Vienne,Ansac eg5.JPG,Jack ma,CC BY-SA 3.0,https://creativecommons.org/licenses/by-sa/3.0
16017,Anville,Anville1.2.JPG,rosier,CC BY-SA 3.0,https://creativecommons.org/licenses/by-sa/3.0
16018,Ars,Ars mairie eg.JPG,Jack ma,CC BY-SA 3.0,https://creativecommons.org/licenses/by-sa/3.0
16019,Asnières-sur-Nouère,Asnieresn mairie.JPG,Jack ma,CC BY-SA 3.0,https://creativecommons.org/licenses/by-sa/3.0
16020,Aubeterre-sur-Dronne,Aubeterre-sur-Dronne.jpg,Rémih,CC BY-SA 4.0,https://creativecommons.org/licenses/by-sa/4.0
16021,Aubeville,Aubeville mairie.JPG,Jack ma,CC BY-SA 3.0,https://creativecommons.org/licenses/by-sa/3.0
16023,Aunac,Aunac0.5.JPG,rosier,CC BY-SA 4.0,https://creativecommons.org/licenses/by-sa/4.0
16023,Aunac-sur-Charente,Aunac0.1.JPG,rosier,CC BY-SA 4.0,https://creativecommons.org/licenses/by-sa/4.0
16024,Aussac-Vadalle,Aussacv mairie.JPG,Jack ma,CC BY-SA 3.0,https://creativecommons.org/licenses/by-sa/3.0
16025,Baignes-Sainte-Radegonde,Baignes-Ste-Radegonde 16 Halles 2013.jpg,JLPC,CC BY-SA 3.0,https://creativecommons.org/licenses/by-sa/3.0
16026,Balzac,Balzac mairie.JPG,Jack ma,CC BY-SA 3.0,https://creativecommons.org/licenses/by-sa/3.0
16027,Barbezières,Barbezières1.2.JPG,rosier,CC BY-SA 3.0,https://creativecommons.org/licenses/by-sa/3.0
16028,Barbezieux,Barbezieux sm2.JPG,Jack ma,CC BY-SA 3.0,https://creativecommons.org/licenses/by-sa/3.0
16028,Barbezieux-Saint-Hilaire,Barbezieux castle1.JPG,Jack ma,CC BY-SA 3.0,https://creativecommons.org/licenses/by-sa/3.0
16029,Bardenac,Bardenac Église 2012.jpg,JLPC,CC BY-SA 3.0,https://creativecommons.org/licenses/by-sa/3.0
16029,Brie-Bardenac,Brie-sous-Chalais 16 Église façade 2013b.jpg,JLPC,CC BY-SA 3.0,https://creativecommons.org/licenses/by-sa/3.0
16030,Barret,Barret eg1.JPG,Jack ma,CC BY-SA 3.0,https://creativecommons.org/licenses/by-sa/3.0
16031,Barro,Barro mairie.JPG,Jack ma,CC BY-SA 3.0,https://creativecommons.org/licenses/by-sa/3.0
16032,Bassac,Bassac6.JPG,rosier,CC BY-SA 3.0,https://creativecommons.org/licenses/by-sa/3.0
16033,Bayers,Chateaux Fort 004.jpg,GaetanJarry,CC BY-SA 3.0,https://creativecommons.org/licenses/by-sa/3.0
16034,Bazac,Bazac puits.JPG,Jack ma,CC BY-SA 3.0,https://creativecommons.org/licenses/by-sa/3.0
16035,Beaulieu-sur-Sonnette,Sansac castle1.JPG,Jack ma,CC BY-SA 3.0,https://creativecommons.org/licenses/by-sa/3.0
16036,Bécheresse,Bécheresse5.JPG,rosier,CC BY-SA 3.0,https://creativecommons.org/licenses/by-sa/3.0
16037,Bellon,Bellon eg.JPG,Jack ma,CC BY-SA 3.0,https://creativecommons.org/licenses/by-sa/3.0
16038,Benest,Benest mairie.JPG,Jack ma,CC BY-SA 3.0,https://creativecommons.org/licenses/by-sa/3.0
16039,Bernac,Bernac mairie.JPG,Jack ma,CC BY-SA 3.0,https://creativecommons.org/licenses/by-sa/3.0
16040,Berneuil,Berneuil-16 Église vue du nord 2014.jpg,JLPC,CC BY-SA 3.0,https://creativecommons.org/licenses/by-sa/3.0
16041,Bessac,Bessac 16 Le bourg 2014.jpg,JLPC,CC BY-SA 3.0,https://creativecommons.org/licenses/by-sa/3.0
16042,Bessé,Bessé10.JPG,rosier,CC BY-SA 3.0,https://creativecommons.org/licenses/by-sa/3.0
16043,Bignac,Bignac1.6.JPG,rosier,CC BY-SA 3.0,https://creativecommons.org/licenses/by-sa/3.0
16044,Bioussac,Bioussac mairie.JPG,Jack ma,CC BY-SA 3.0,https://creativecommons.org/licenses/by-sa/3.0
16045,Birac,Birac faye2.JPG,Jack ma,CC BY-SA 3.0,https://creativecommons.org/licenses/by-sa/3.0
16046,Blanzac,Blanzac 16 Entrée village par D10 2013.jpg,JLPC,CC BY-SA 3.0,https://creativecommons.org/licenses/by-sa/3.0
16046,Blanzac-Porcheresse,Blanzac4.JPG,rosier,CC BY-SA 3.0,https://creativecommons.org/licenses/by-sa/3.0
16046,Coteaux-du-Blanzacais,Blanzac 16 Entrée village par D10 2013.jpg,JLPC,CC BY-SA 3.0,https://creativecommons.org/licenses/by-sa/3.0
16047,Blanzaguet-Saint-Cybard,Blanzaguet eg5.JPG,Jack ma,CC BY-SA 3.0,https://creativecommons.org/licenses/by-sa/3.0
16048,Boisbreteau,Boisbreteau mairie.JPG,Jack ma,CC BY-SA 3.0,https://creativecommons.org/licenses/by-sa/3.0
16049,Bonnes,Bonnes vue.JPG,Jack ma,CC BY-SA 3.0,https://creativecommons.org/licenses/by-sa/3.0
16050,Bonneuil,Bonneuil1.3.JPG,rosier,CC BY-SA 3.0,https://creativecommons.org/licenses/by-sa/3.0
16051,Bonneville,Bonneville mairie.JPG,Jack ma,CC BY-SA 3.0,https://creativecommons.org/licenses/by-sa/3.0
16052,Bors,Bors 16 Mairie-école 2014.jpg,JLPC,CC BY-SA 3.0,https://creativecommons.org/licenses/by-sa/3.0
16053,Bors,Borsb eg1.JPG,Jack ma,CC BY-SA 3.0,https://creativecommons.org/licenses/by-sa/3.0
16054,Le Bouchage,Le Bouchage 16 Mairie façade 2014.jpg,JLPC,CC BY-SA 3.0,https://creativecommons.org/licenses/by-sa/3.0
16055,Bouëx,Bouex1.1.JPG,rosier,CC BY-SA 4.0,https://creativecommons.org/licenses/by-sa/4.0
16056,Bourg-Charente,Bourg-ch castle1.JPG,Jack ma,CC BY-SA 3.0,https://creativecommons.org/licenses/by-sa/3.0
16057,Bouteville,Château de Bouteville.jpg,Jacques DASSIÉ,CC BY-SA 4.0,https://creativecommons.org/licenses/by-sa/4.0
16058,Boutiers-Saint-Trojan,Boutiers3.3.JPG,rosier,CC BY-SA 3.0,https://creativecommons.org/licenses/by-sa/3.0
16059,Brettes,Brettes1.JPG,rosier,CC BY-SA 3.0,https://creativecommons.org/licenses/by-sa/3.0
16060,Bréville,Breville place.JPG,Jack ma,CC BY-SA 3.0,https://creativecommons.org/licenses/by-sa/3.0
16061,Brie,Brie.00.JPG,rosier,CC BY-SA 4.0,https://creativecommons.org/licenses/by-sa/4.0
16062,Brie-sous-Barbezieux,Briessbarb mairie.JPG,Jack ma,CC BY-SA 3.0,https://creativecommons.org/licenses/by-sa/3.0
16063,Brie-sous-Chalais,Brie-sous-Chalais 16 Église façade 2013b.jpg,JLPC,CC BY-SA 3.0,https://creativecommons.org/licenses/by-sa/3.0
16064,Brigueuil,Brigueuil eg1.JPG,Jack ma,CC BY-SA 3.0,https://creativecommons.org/licenses/by-sa/3.0
16065,Brillac,Brillac mairie.JPG,Jack ma,CC BY-SA 3.0,https://creativecommons.org/licenses/by-sa/3.0
16066,Brossac,Brossac2.JPG,Jack ma,CC BY-SA 3.0,https://creativecommons.org/licenses/by-sa/3.0
16067,Bunzac,Bunzac eg4.JPG,Jack ma,CC BY-SA 3.0,https://creativecommons.org/licenses/by-sa/3.0
16068,Cellefrouin,Cellefrouin eg2.JPG,Jack ma,CC BY-SA 3.0,https://creativecommons.org/licenses/by-sa/3.0
16069,Cellettes,Cellettes3.2.JPG,rosier,CC BY-SA 3.0,https://creativecommons.org/licenses/by-sa/3.0
16070,Chabanais,Le logis et le clocher Saint-Michel de Chabanais.JPG,Babsy,CC BY-SA 3.0,https://creativecommons.org/licenses/by-sa/3.0
16071,Chabrac,Chabrac eg4.JPG,Jack ma,CC BY-SA 3.0,https://creativecommons.org/licenses/by-sa/3.0
16072,Chadurie,Chadurie Vue 2011.jpg,JLPC,CC BY-SA 3.0,https://creativecommons.org/licenses/by-sa/3.0
16073,Chalais,Chalais chat3.JPG,Jack ma,CC BY-SA 3.0,https://creativecommons.org/licenses/by-sa/3.0
16074,Challignac,Challignac eg2.JPG,Jack ma,CC BY-SA 3.0,https://creativecommons.org/licenses/by-sa/3.0
16075,Champagne-Vigny,Vigny1.JPG,rosier,CC BY-SA 3.0,https://creativecommons.org/licenses/by-sa/3.0
16076,Champagne-Mouton,16350 chateau du bourg.JPG,Mathieuselle,CC BY-SA 3.0,https://creativecommons.org/licenses/by-sa/3.0
16077,Champmillon,Champmillon eg3.JPG,Jack ma,CC BY-SA 3.0,https://creativecommons.org/licenses/by-sa/3.0
16078,Champniers,Champniers eg1.JPG,Jack ma,CC BY-SA 3.0,https://creativecommons.org/licenses/by-sa/3.0
16079,Chantillac,Chantillac6.JPG,rosier,CC BY-SA 3.0,https://creativecommons.org/licenses/by-sa/3.0
16080,Chantrezac,Chantrezac maison.JPG,Jack ma,CC BY-SA 3.0,https://creativecommons.org/licenses/by-sa/3.0
16081,La Chapelle,LaChapelle7.JPG,rosier,CC BY-SA 3.0,https://creativecommons.org/licenses/by-sa/3.0
16082,Boisné-La Tude,Charmant mairie.JPG,Jack ma,CC BY-SA 3.0,https://creativecommons.org/licenses/by-sa/3.0
16082,Charmant,Charmant Vue 2012.JPG,JLPC,CC BY-SA 3.0,https://creativecommons.org/licenses/by-sa/3.0
16083,Charmé,CharmeMairie.JPG,JarnaQuais,CC BY-SA 3.0,https://creativecommons.org/licenses/by-sa/3.0
16084,Charras,Charras eg 6.JPG,Jack ma,CC BY-SA 3.0,https://creativecommons.org/licenses/by-sa/3.0
16085,Chasseneuil-sur-Bonnieure,Chasseneuil mairie1.JPG,Jack ma,CC BY-SA 3.0,https://creativecommons.org/licenses/by-sa/3.0
16086,Chassenon,Chassenon - Eglise.JPG,2Passage,CC BY-SA 4.0,https://creativecommons.org/licenses/by-sa/4.0
16087,Chassiecq,Chassiecq mairie.JPG,Jack ma,CC BY-SA 3.0,https://creativecommons.org/licenses/by-sa/3.0
16088,Chassors,Chassors1.JPG,rosier,CC BY-SA 3.0,https://creativecommons.org/licenses/by-sa/3.0
16089,Châteaubernard,Chateaub1.JPG,rosier,CC BY-SA 3.0,http://creativecommons.org/licenses/by-sa/3.0/
16090,Châteauneuf-sur-Charente,Châteauneuf 16 Hôtel de ville 2013.JPG,JLPC,CC BY-SA 3.0,https://creativecommons.org/licenses/by-sa/3.0
16091,Châtignac,Châtignac 16 Église&place 2013.jpg,JLPC,CC BY-SA 3.0,https://creativecommons.org/licenses/by-sa/3.0
16092,Chavenat,Chavenat 16 Vue générale 2013.jpg,JLPC,CC BY-SA 3.0,https://creativecommons.org/licenses/by-sa/3.0
16093,Chazelles,Chazelles mairie.JPG,Jack ma,CC BY-SA 3.0,https://creativecommons.org/licenses/by-sa/3.0
16094,Chenommet,Chenommet mairie.JPG,Jack ma,CC BY-SA 3.0,https://creativecommons.org/licenses/by-sa/3.0
16095,Chenon,Chenon castle2.JPG,Jack ma,CC BY-SA 3.0,https://creativecommons.org/licenses/by-sa/3.0
16096,Cherves-Châtelars,Cherves-Chatelars - Eglise.JPG,2Passage,CC BY-SA 3.0,https://creativecommons.org/licenses/by-sa/3.0
16097,Cherves-Richemont,MairieCherves1.JPG,rosier,CC BY-SA 3.0,http://creativecommons.org/licenses/by-sa/3.0/
16097,Cherves-de-Cognac,StVivien7.2.jpg,Rosier,CC BY-SA 3.0,https://creativecommons.org/licenses/by-sa/3.0
16097,Val-de-Cognac,MairieCherves1.JPG,rosier,CC BY-SA 3.0,http://creativecommons.org/licenses/by-sa/3.0/
16098,La Chèvrerie,LaChèvrerie4.JPG,rosier,CC BY-SA 3.0,https://creativecommons.org/licenses/by-sa/3.0
16099,Chillac,Chillac.JPG,Jack ma,CC BY-SA 3.0,https://creativecommons.org/licenses/by-sa/3.0
16100,Chirac,Chirac eg1.JPG,Jack ma,CC BY-SA 3.0,https://creativecommons.org/licenses/by-sa/3.0
16101,Claix,Claix eg4.JPG,Jack ma,CC BY-SA 3.0,https://creativecommons.org/licenses/by-sa/3.0
16102,Cognac,Cognac stjac.JPG,Jack ma,CC BY-SA 3.0,https://creativecommons.org/licenses/by-sa/3.0
16103,Combiers,Combiers eg2.JPG,Jack ma,CC BY-SA 3.0,https://creativecommons.org/licenses/by-sa/3.0
16104,Condac,Condac charente eg.JPG,Jack ma,CC BY-SA 3.0,https://creativecommons.org/licenses/by-sa/3.0
16105,Condéon,Condeon eg2.JPG,Jack ma,CC BY-SA 3.0,https://creativecommons.org/licenses/by-sa/3.0
16106,Confolens,Confolens vue.JPG,Jack ma,CC BY-SA 3.0,https://creativecommons.org/licenses/by-sa/3.0
16107,Coulgens,Coulgens eg1.JPG,Jack ma,CC BY-SA 3.0,https://creativecommons.org/licenses/by-sa/3.0
16108,Coulonges,Coulonges mairie.JPG,Jack ma,CC BY-SA 3.0,https://creativecommons.org/licenses/by-sa/3.0
16109,Courbillac,Courbillac1.2.JPG,rosier,CC BY-SA 3.0,https://creativecommons.org/licenses/by-sa/3.0
16110,Courcôme,Courcome2.JPG,rosier,CC BY-SA 3.0,https://creativecommons.org/licenses/by-sa/3.0
16111,Courgeac,Courgeac Eglise 2012.jpg,JLPC,CC BY-SA 3.0,https://creativecommons.org/licenses/by-sa/3.0
16112,Courlac,Courlac.JPG,Jack ma,CC BY-SA 3.0,https://creativecommons.org/licenses/by-sa/3.0
16113,La Couronne,La couronne abbaye 1.JPG,Jack ma,CC BY-SA 3.0,https://creativecommons.org/licenses/by-sa/3.0
16114,Couture,Couture mairie.JPG,Jack ma,CC BY-SA 3.0,https://creativecommons.org/licenses/by-sa/3.0
16115,Cressac,Cressac stgenis eg.JPG,Jack ma,CC BY-SA 3.0,https://creativecommons.org/licenses/by-sa/3.0
16115,Cressac-Saint-Genis,Cressac- Eglise Notre-Dame.jpg,Antoine Garnier,CC BY-SA 4.0,https://creativecommons.org/licenses/by-sa/4.0
16116,Criteuil-la-Magdeleine,Criteuil6.JPG,rosier,CC BY-SA 3.0,https://creativecommons.org/licenses/by-sa/3.0
16117,Curac,Curac.JPG,Jack ma,CC BY-SA 3.0,https://creativecommons.org/licenses/by-sa/3.0
16118,Deviat,Deviat 16 Rue&façade église 2014.jpg,JLPC,CC BY-SA 3.0,https://creativecommons.org/licenses/by-sa/3.0
16119,Dignac,Dignac eglise.JPG,Jack ma,CC BY-SA 3.0,https://creativecommons.org/licenses/by-sa/3.0
16120,Dirac,"Dirac, Charente, France, St.Martial, Façade 2012.jpg",JLPC,CC BY-SA 3.0,https://creativecommons.org/licenses/by-sa/3.0
16121,Douzat,Douzat2.JPG,rosier,CC BY-SA 3.0,https://creativecommons.org/licenses/by-sa/3.0
16122,Ébréon,Ebréon5.JPG,rosier,CC BY-SA 3.0,https://creativecommons.org/licenses/by-sa/3.0
16123,Échallat,Échallat1.9.JPG,rosier,CC BY-SA 3.0,https://creativecommons.org/licenses/by-sa/3.0
16124,Écuras,Ecuras mairie.JPG,Jack ma,CC BY-SA 3.0,https://creativecommons.org/licenses/by-sa/3.0
16125,Édon,Edon 16 Rue&église 2013.jpg,JLPC,CC BY-SA 3.0,https://creativecommons.org/licenses/by-sa/3.0
16126,Embourie,Embourie1.6.jpg,Rosier,CC BY-SA 3.0,https://creativecommons.org/licenses/by-sa/3.0
16127,Empuré,Empuré1.5.JPG,rosier,CC BY-SA 3.0,https://creativecommons.org/licenses/by-sa/3.0
16128,Épenède,Epenede 021.jpg,No machine-readable author provided. Cagouille64 assumed (based on copyright claims).,Public domain,
16129,Éraville,Éraville1.7.JPG,rosier,CC BY-SA 3.0,https://creativecommons.org/licenses/by-sa/3.0
16130,Les Essards,Essards eg2.JPG,Jack ma,CC BY-SA 3.0,https://creativecommons.org/licenses/by-sa/3.0
16131,Esse,Esse mairie.JPG,Jack ma,CC BY-SA 3.0,https://creativecommons.org/licenses/by-sa/3.0
16132,Étagnac,Chateau-de-Rochebrune2.jpg,This Photo was taken by croucrou / Sylvain Crouzillat Cette Photo a été prise par croucrou / Sylvain Crouzillat More pictures in my personal gallery Plus de photos dans ma galerie personnelle Plus d'info sur moi sur mon site web | www.sylvain-crouzillat.com,CC BY-SA 3.0,https://creativecommons.org/licenses/by-sa/3.0
16133,Étriac,Étriac 16 Entrée du Bourg 2013.jpg,JLPC,CC BY-SA 3.0,https://creativecommons.org/licenses/by-sa/3.0
16134,Exideuil-sur-Vienne,Exideuil mairie.JPG,Jack ma,CC BY-SA 3.0,https://creativecommons.org/licenses/by-sa/3.0
16135,Eymouthiers,Eymouthiers chambon1.JPG,Jack ma,CC BY-SA 3.0,https://creativecommons.org/licenses/by-sa/3.0
16136,La Faye,LaFaye3.JPG,rosier,CC BY-SA 3.0,https://creativecommons.org/licenses/by-sa/3.0
16137,Feuillade,Feuillade eg1.JPG,Jack ma,CC BY-SA 3.0,https://creativecommons.org/licenses/by-sa/3.0
16138,Fléac,Fleac vue ang.JPG,Jack ma,CC BY-SA 3.0,https://creativecommons.org/licenses/by-sa/3.0
16139,Fleurac,Fleurac1.1.JPG,rosier,CC BY-SA 3.0,https://creativecommons.org/licenses/by-sa/3.0
16140,Fontclaireau,Fontclaireau0.1.JPG,rosier,CC BY-SA 4.0,https://creativecommons.org/licenses/by-sa/4.0
16141,Fontenille,Perottep2.JPG,Jack ma,CC BY-SA 3.0,https://creativecommons.org/licenses/by-sa/3.0
16142,La Forêt-de-Tessé,TesséLaF6.JPG,rosier,CC BY-SA 3.0,https://creativecommons.org/licenses/by-sa/3.0
16143,Fouquebrune,Fouquebrune.JPG,Jack ma,CC BY-SA 3.0,https://creativecommons.org/licenses/by-sa/3.0
16144,Fouqueure,Fouqueure mairie.JPG,Jack ma,CC BY-SA 3.0,https://creativecommons.org/licenses/by-sa/3.0
16145,Foussignac,Foussignac mairie.JPG,Jack ma,CC BY-SA 3.0,https://creativecommons.org/licenses/by-sa/3.0
16146,Garat,Garat1.4.JPG,rosier,CC BY-SA 3.0,https://creativecommons.org/licenses/by-sa/3.0
16147,Gardes-le-Pontaroux,Gardes pontaroux monu.JPG,Jack ma,CC BY-SA 3.0,https://creativecommons.org/licenses/by-sa/3.0
16148,Genac,Genac mairie.JPG,Jack ma,CC BY-SA 3.0,https://creativecommons.org/licenses/by-sa/3.0
16148,Genac-Bignac,Genac mairie.JPG,Jack ma,CC BY-SA 3.0,https://creativecommons.org/licenses/by-sa/3.0
16149,Genouillac,Genouillac mairie.JPG,Jack ma,CC BY-SA 3.0,https://creativecommons.org/licenses/by-sa/3.0
16150,Gensac-la-Pallue,Gensac eg8.JPG,Jack ma,CC BY-SA 3.0,https://creativecommons.org/licenses/by-sa/3.0
16151,Genté,Gente mairie.JPG,Jack ma,CC BY-SA 3.0,https://creativecommons.org/licenses/by-sa/3.0
16152,Gimeux,Gimeux2.JPG,rosier,CC BY-SA 3.0,https://creativecommons.org/licenses/by-sa/3.0
16153,Gondeville,Gondeville eg1.JPG,Jack ma,CC BY-SA 3.0,https://creativecommons.org/licenses/by-sa/3.0
16153,Mainxe-Gondeville,Gondeville mairie.JPG,Jack ma,CC BY-SA 3.0,https://creativecommons.org/licenses/by-sa/3.0
16154,Gond-Pontouvre,Gondp carref.JPG,Jack ma,CC BY-SA 3.0,https://creativecommons.org/licenses/by-sa/3.0
16155,Les Gours,LesGours2.JPG,rosier,CC BY-SA 3.0,https://creativecommons.org/licenses/by-sa/3.0
16156,Gourville,La façade du chateau de Gourville.jpg,David Tollemer,CC BY-SA 3.0,https://creativecommons.org/licenses/by-sa/3.0
16157,Le Grand-Madieu,Grand-madieu art.jpg,The original uploader was LeHollandais at French Wikipedia.,CC BY-SA 3.0,http://creativecommons.org/licenses/by-sa/3.0/
16158,Grassac,Grassac 16 Entrée du village D109 2013.JPG,JLPC,CC BY-SA 3.0,https://creativecommons.org/licenses/by-sa/3.0
16159,Graves,Graves eg1.JPG,Jack ma,CC BY-SA 3.0,https://creativecommons.org/licenses/by-sa/3.0
16160,Guimps,Guimps2.JPG,rosier,CC BY-SA 3.0,https://creativecommons.org/licenses/by-sa/3.0
16161,Guizengeard,Guizen sf.JPG,Jack ma,CC BY-SA 3.0,https://creativecommons.org/licenses/by-sa/3.0
16162,Gurat,Gurat 16 Église&place 2013.jpg,JLPC,CC BY-SA 3.0,https://creativecommons.org/licenses/by-sa/3.0
16163,Hiersac,Mairie Hiersac.JPG,Oxo,CC BY-SA 3.0,https://creativecommons.org/licenses/by-sa/3.0
16164,Hiesse,Hiesse mairie.JPG,Jack ma,CC BY-SA 3.0,https://creativecommons.org/licenses/by-sa/3.0
16165,Houlette,Houlette3.2.JPG,rosier,CC BY-SA 3.0,https://creativecommons.org/licenses/by-sa/3.0
16166,L'Isle-d'Espagnac,Lisledes mair1.JPG,Jack ma,CC BY-SA 3.0,https://creativecommons.org/licenses/by-sa/3.0
16167,Jarnac,Jarnac centre1.JPG,Jack ma,CC BY-SA 3.0,https://creativecommons.org/licenses/by-sa/3.0
16168,Jauldes,Jauldes2.JPG,rosier,CC BY-SA 3.0,https://creativecommons.org/licenses/by-sa/3.0
16169,Javrezac,Javrezac4.JPG,rosier,CC BY-SA 3.0,https://creativecommons.org/licenses/by-sa/3.0
16170,Juignac,Juignac Mairie 2011.jpg,JLPC,CC BY-SA 3.0,https://creativecommons.org/licenses/by-sa/3.0
16171,Juillac-le-Coq,Juillacc mairie.JPG,Jack ma,CC BY-SA 3.0,https://creativecommons.org/licenses/by-sa/3.0
16172,Juillaguet,Juillaguet eg1.JPG,Jack ma,CC BY-SA 3.0,https://creativecommons.org/licenses/by-sa/3.0
16173,Juillé,Juille eg.JPG,Jack ma,CC BY-SA 3.0,https://creativecommons.org/licenses/by-sa/3.0
16174,Julienne,Julienne1.JPG,rosier,CC BY-SA 3.0,https://creativecommons.org/licenses/by-sa/3.0
16175,Jurignac,Jurignac1.2.JPG,rosier,CC BY-SA 3.0,https://creativecommons.org/licenses/by-sa/3.0
16175,Val des Vignes,Jurignac1.2.JPG,rosier,CC BY-SA 3.0,https://creativecommons.org/licenses/by-sa/3.0
16176,Lachaise,Lachaise4.JPG,rosier,CC BY-SA 3.0,https://creativecommons.org/licenses/by-sa/3.0
16177,Ladiville,Ladiville eg1.JPG,Jack ma,CC BY-SA 3.0,https://creativecommons.org/licenses/by-sa/3.0
16178,Lagarde-sur-le-Né,Lagarde5.JPG,rosier,CC BY-SA 3.0,https://creativecommons.org/licenses/by-sa/3.0
16179,Lamérac,Lamérac 16 Mairie 2013.jpg,JLPC,CC BY-SA 3.0,https://creativecommons.org/licenses/by-sa/3.0
16180,Laprade,Laprade mairie.JPG,Jack ma,CC BY-SA 3.0,https://creativecommons.org/licenses/by-sa/3.0
16181,Lessac,Lessac mairie.JPG,Jack ma,CC BY-SA 3.0,https://creativecommons.org/licenses/by-sa/3.0
16182,Lesterps,Lesterps rue.JPG,Jack ma,CC BY-SA 3.0,https://creativecommons.org/licenses/by-sa/3.0
16183,Lésignac-Durand,Lesignac lac1.JPG,Jack ma,CC BY-SA 3.0,https://creativecommons.org/licenses/by-sa/3.0
16184,Lichères,Licheres eg2.JPG,Jack ma,CC BY-SA 3.0,https://creativecommons.org/licenses/by-sa/3.0
16185,Ligné,Le cimetière médiéval de Ligné.jpg,David Tollemer,CC BY-SA 3.0,https://creativecommons.org/licenses/by-sa/3.0
16186,Lignières-Ambleville,LignièreS3.7.JPG,rosier,CC BY-SA 3.0,https://creativecommons.org/licenses/by-sa/3.0
16186,Lignières-Sonneville,LignièreS3.7.JPG,rosier,CC BY-SA 3.0,https://creativecommons.org/licenses/by-sa/3.0
16187,Linars,Linars eg2.JPG,Jack ma,CC BY-SA 3.0,https://creativecommons.org/licenses/by-sa/3.0
16188,Le Lindois,Lindois1.JPG,Jack ma,CC BY-SA 3.0,https://creativecommons.org/licenses/by-sa/3.0
16189,Londigny,Londigny2.JPG,rosier,CC BY-SA 3.0,http://creativecommons.org/licenses/by-sa/3.0/
16190,Longré,Longré4.JPG,rosier,CC BY-SA 3.0,https://creativecommons.org/licenses/by-sa/3.0
16191,Lonnes,Lonnes vue.JPG,Jack ma,CC BY-SA 3.0,https://creativecommons.org/licenses/by-sa/3.0
16192,Loubert-Madieu,Roumaz chambes2.JPG,Jack ma,CC BY-SA 3.0,https://creativecommons.org/licenses/by-sa/3.0
16192,Roumazières-Loubert,Roumaz mairie.JPG,Jack ma,CC BY-SA 3.0,https://creativecommons.org/licenses/by-sa/3.0
16192,Terres-de-Haute-Charente,Roumaz mairie.JPG,Jack ma,CC BY-SA 3.0,https://creativecommons.org/licenses/by-sa/3.0
16193,Louzac-Saint-André,Louzac2.1.JPG,rosier,CC BY-SA 3.0,https://creativecommons.org/licenses/by-sa/3.0
16194,Lupsault,Lupsault1.2.JPG,rosier,CC BY-SA 3.0,https://creativecommons.org/licenses/by-sa/3.0
16195,Lussac,Lussac eg.JPG,Jack ma,CC BY-SA 3.0,https://creativecommons.org/licenses/by-sa/3.0
16196,Luxé,Luxe mairie.JPG,Jack ma,CC BY-SA 3.0,https://creativecommons.org/licenses/by-sa/3.0
16197,La Magdeleine,LaMagdeleine1.JPG,rosier,CC BY-SA 3.0,https://creativecommons.org/licenses/by-sa/3.0
16198,Magnac-Lavalette,Chateau de la Mercerie.JPG,Jfda,CC BY-SA 3.0,http://creativecommons.org/licenses/by-sa/3.0/
16198,Magnac-Lavalette-Villars,Chateau de la Mercerie.JPG,Jfda,CC BY-SA 3.0,http://creativecommons.org/licenses/by-sa/3.0/
16198,Magnac-lès-Gardes,Vue aérienne château de La Mercerie - vue générale.jpg,Jacques DASSIÉ,CC BY-SA 4.0,https://creativecommons.org/licenses/by-sa/4.0
16199,Magnac-sur-Touvre,Magnac eg1.JPG,Jack ma,CC BY-SA 3.0,https://creativecommons.org/licenses/by-sa/3.0
16200,Maine-de-Boixe,Mainedeboixe mairie.JPG,Jack ma,CC BY-SA 3.0,https://creativecommons.org/licenses/by-sa/3.0
16201,Mainfonds,Mainsfonds1.1.JPG,rosier,CC BY-SA 3.0,https://creativecommons.org/licenses/by-sa/3.0
16202,Mainxe,Mainxe14.JPG,rosier,CC BY-SA 3.0,https://creativecommons.org/licenses/by-sa/3.0
16203,Mainzac,Mainzac mairie.JPG,Jack ma,CC BY-SA 3.0,https://creativecommons.org/licenses/by-sa/3.0
16204,Bellevigne,Malaville1.2.JPG,rosier,CC BY-SA 3.0,https://creativecommons.org/licenses/by-sa/3.0
16204,Malaville,Malaville1.2.JPG,rosier,CC BY-SA 3.0,https://creativecommons.org/licenses/by-sa/3.0
16205,Manot,Manot vienne2.JPG,Jack ma,CC BY-SA 3.0,https://creativecommons.org/licenses/by-sa/3.0
16206,Mansle,"Mansle, le pont et la Charente.JPG",Arnaud Randon,CC BY-SA 3.0,https://creativecommons.org/licenses/by-sa/3.0
16206,Mansle-les-Fontaines,Mansles2.1.JPG,rosier,CC BY-SA 3.0,https://creativecommons.org/licenses/by-sa/3.0
16207,Marcillac-Lanville,"Marcillac-Lanville (Charente), église Notre-Dame de Lanville, vue de l'abside et du transept, 01.jpg",2Passage,CC BY-SA 4.0,https://creativecommons.org/licenses/by-sa/4.0
16208,Mareuil,Mareuil1.10.JPG,rosier,CC BY-SA 3.0,https://creativecommons.org/licenses/by-sa/3.0
16209,Marillac-le-Franc,Marillacf.JPG,Jack ma,CC BY-SA 3.0,https://creativecommons.org/licenses/by-sa/3.0
16210,Marsac,Marsac mairie.JPG,Jack ma,CC BY-SA 3.0,https://creativecommons.org/licenses/by-sa/3.0
16211,Marthon,Marthon vue.JPG,Jack ma,CC BY-SA 3.0,https://creativecommons.org/licenses/by-sa/3.0
16212,Massignac,Massignac ot.JPG,Jack ma,CC BY-SA 3.0,https://creativecommons.org/licenses/by-sa/3.0
16213,Mazerolles,Mazerolles mairie.JPG,Jack ma,CC BY-SA 3.0,https://creativecommons.org/licenses/by-sa/3.0
16214,Mazières,Mazieres eg1.JPG,Jack ma,CC BY-SA 3.0,https://creativecommons.org/licenses/by-sa/3.0
16215,Médillac,Medillac mairie.JPG,Jack ma,CC BY-SA 3.0,https://creativecommons.org/licenses/by-sa/3.0
16216,Mérignac,Mérignac1.8.JPG,rosier,CC BY-SA 3.0,https://creativecommons.org/licenses/by-sa/3.0
16217,Merpins,Merpins1.4.JPG,rosier,CC BY-SA 3.0,https://creativecommons.org/licenses/by-sa/3.0
16218,Mesnac,Mesnac1.JPG,rosier,CC BY-SA 3.0,http://creativecommons.org/licenses/by-sa/3.0/
16219,Messeux,Messeux mairie.JPG,Jack ma,CC BY-SA 3.0,https://creativecommons.org/licenses/by-sa/3.0
16220,Les Métairies,LesMétairies2.JPG,rosier,CC BY-SA 3.0,https://creativecommons.org/licenses/by-sa/3.0
16221,Mons,Mons1.5.JPG,rosier,CC BY-SA 3.0,https://creativecommons.org/licenses/by-sa/3.0
16222,Montboyer,Montboyer Mairie-école.jpg,JLPC,CC BY-SA 3.0,https://creativecommons.org/licenses/by-sa/3.0
16223,Montbron,Montbron mairie.JPG,Jack ma,CC BY-SA 3.0,https://creativecommons.org/licenses/by-sa/3.0
16224,Montchaude,Montchaude 16 Mairie 2013.jpg,JLPC,CC BY-SA 3.0,https://creativecommons.org/licenses/by-sa/3.0
16224,Montmérac,Montchaude 16 Mairie 2013.jpg,JLPC,CC BY-SA 3.0,https://creativecommons.org/licenses/by-sa/3.0
16225,Montembœuf,Montemboeuf mairie.JPG,Jack ma,CC BY-SA 3.0,https://creativecommons.org/licenses/by-sa/3.0
16226,Montignac-Charente,MontignacChte2.3.JPG,rosier,CC BY-SA 3.0,https://creativecommons.org/licenses/by-sa/3.0
16227,Montignac-le-Coq,Montignac-le-Coq 16 Mairie 2013.jpg,JLPC,CC BY-SA 3.0,https://creativecommons.org/licenses/by-sa/3.0
16228,Montigné,Montigné5.JPG,rosier,CC BY-SA 3.0,https://creativecommons.org/licenses/by-sa/3.0
16229,Montjean,Montjean1.JPG,rosier,CC BY-SA 3.0,https://creativecommons.org/licenses/by-sa/3.0
16230,Montmoreau,Montmoreau-St-Cybard 16 Mairie 2013.jpg,JLPC,CC BY-SA 3.0,https://creativecommons.org/licenses/by-sa/3.0
16230,Montmoreau-Saint-Cybard,Montmoreau castle8.JPG,Jack ma,CC BY-SA 3.0,https://creativecommons.org/licenses/by-sa/3.0
16231,Montrollet,Montrollet vue.JPG,Jack ma,CC BY-SA 3.0,https://creativecommons.org/licenses/by-sa/3.0
16232,Mornac,Mornac mairie.JPG,Jack ma,CC BY-SA 3.0,https://creativecommons.org/licenses/by-sa/3.0
16233,Mosnac,Mosnac3.JPG,rosier,CC BY-SA 3.0,https://creativecommons.org/licenses/by-sa/3.0
16233,Mosnac-Saint-Simeux,Mosnac3.JPG,rosier,CC BY-SA 3.0,https://creativecommons.org/licenses/by-sa/3.0
16234,Moulidars,Moulidars vue2.JPG,Jack ma,CC BY-SA 3.0,https://creativecommons.org/licenses/by-sa/3.0
16235,Moutardon,Moutardon mairie.JPG,Jack ma,CC BY-SA 3.0,https://creativecommons.org/licenses/by-sa/3.0
16236,Mouthiers-sur-Boëme,Mouthiers-sur-Boëme - Eglise.JPG,2Passage,CC BY-SA 3.0,https://creativecommons.org/licenses/by-sa/3.0
16237,Mouton,Mouton vue.JPG,Jack ma,CC BY-SA 3.0,https://creativecommons.org/licenses/by-sa/3.0
16238,Moutonneau,Moutonneau mairie.JPG,Jack ma,CC BY-SA 3.0,https://creativecommons.org/licenses/by-sa/3.0
16239,Mouzon,Mouzon16 vue.JPG,Jack ma,CC BY-SA 3.0,https://creativecommons.org/licenses/by-sa/3.0
16240,Nabinaud,Nabinaud eg1.JPG,Jack ma,CC BY-SA 3.0,https://creativecommons.org/licenses/by-sa/3.0
16241,Nanclars,Nanclars1.8.JPG,rosier,CC BY-SA 3.0,https://creativecommons.org/licenses/by-sa/3.0
16242,Nanteuil-en-Vallée,Nanteuilv vue.JPG,Jack ma,CC BY-SA 3.0,https://creativecommons.org/licenses/by-sa/3.0
16243,Nercillac,Nercillac mairie.JPG,Jack ma,CC BY-SA 3.0,https://creativecommons.org/licenses/by-sa/3.0
16244,Nersac,Nersac castle2.JPG,Jack ma,CC BY-SA 3.0,https://creativecommons.org/licenses/by-sa/3.0
16245,Nieuil,Nieuil mairie.JPG,Jack ma,CC BY-SA 3.0,https://creativecommons.org/licenses/by-sa/3.0
16246,Nonac,Nonac La Léotardie1 NE 2012.JPG,JLPC,CC BY-SA 3.0,https://creativecommons.org/licenses/by-sa/3.0
16247,Nonaville,Nonaville2.JPG,Jack ma,CC BY-SA 3.0,https://creativecommons.org/licenses/by-sa/3.0
16248,Oradour,Oradourd'A1.JPG,rosier,CC BY-SA 3.0,https://creativecommons.org/licenses/by-sa/3.0
16249,Oradour-Fanais,Oradourf eg1.JPG,Jack ma,CC BY-SA 3.0,https://creativecommons.org/licenses/by-sa/3.0
16250,Orgedeuil,Orgedeuil eg2.JPG,Jack ma,CC BY-SA 3.0,https://creativecommons.org/licenses/by-sa/3.0
16251,Oriolles,Oriolles mairie.JPG,Jack ma,CC BY-SA 3.0,https://creativecommons.org/licenses/by-sa/3.0
16252,Orival,Orival.JPG,Jack ma,CC BY-SA 3.0,https://creativecommons.org/licenses/by-sa/3.0
16253,Paizay-Naudouin,Paizay eg.JPG,Jack ma,CC BY-SA 3.0,https://creativecommons.org/licenses/by-sa/3.0
16253,Paizay-Naudouin-Embourie,TaizéN2.JPG,rosier,CC BY-SA 3.0,https://creativecommons.org/licenses/by-sa/3.0
16254,Palluaud,Palluaud eg.JPG,Jack ma,CC BY-SA 3.0,https://creativecommons.org/licenses/by-sa/3.0
16255,Parzac,Parzac mairie.JPG,Jack ma,CC BY-SA 3.0,https://creativecommons.org/licenses/by-sa/3.0
16256,Passirac,Passirac5.JPG,rosier,CC BY-SA 3.0,https://creativecommons.org/licenses/by-sa/3.0
16257,Péreuil,Pereuil eg1.JPG,Jack ma,CC BY-SA 3.0,https://creativecommons.org/licenses/by-sa/3.0
16258,Pérignac,Perignac vue.JPG,Jack ma,CC BY-SA 3.0,https://creativecommons.org/licenses/by-sa/3.0
16259,La Péruse,Peruse mairie.JPG,Jack ma,CC BY-SA 3.0,https://creativecommons.org/licenses/by-sa/3.0
16260,Pillac,Pillac mairie.JPG,Jack ma,CC BY-SA 3.0,https://creativecommons.org/licenses/by-sa/3.0
16261,Les Pins,Lespins castle2.JPG,Jack ma,CC BY-SA 3.0,https://creativecommons.org/licenses/by-sa/3.0
16262,Plaizac,Plaizac2.JPG,rosier,CC BY-SA 3.0,https://creativecommons.org/licenses/by-sa/3.0
16263,Plassac-Rouffiac,Plassac-Rouffiac église 2012.jpg,JLPC,CC BY-SA 3.0,https://creativecommons.org/licenses/by-sa/3.0
16264,Pleuville,PHOTO EGLISE1.JPG,,Public domain,
16265,Porcheresse,BlanzacP.JPG,rosier,CC BY-SA 3.0,https://creativecommons.org/licenses/by-sa/3.0
16266,Pougné,Pougne mairie.JPG,Jack ma,CC BY-SA 3.0,https://creativecommons.org/licenses/by-sa/3.0
16267,Poullignac,Poullignac Église 2012.jpg,JLPC,CC BY-SA 3.0,https://creativecommons.org/licenses/by-sa/3.0
16268,Poursac,Poursac vue.JPG,Jack ma,CC BY-SA 3.0,https://creativecommons.org/licenses/by-sa/3.0
16269,Pranzac,Pranzac7.JPG,rosier,CC BY-SA 4.0,https://creativecommons.org/licenses/by-sa/4.0
16270,Pressignac,Mairie ecoles pressignac.jpg,Droop,CC BY-SA 3.0,https://creativecommons.org/licenses/by-sa/3.0
16271,Puymoyen,Puym roch2.JPG,Jack ma,CC BY-SA 3.0,https://creativecommons.org/licenses/by-sa/3.0
16272,Puyréaux,Puyreaux mairie.JPG,Jack ma,CC BY-SA 3.0,https://creativecommons.org/licenses/by-sa/3.0
16273,Raix,Raix8.JPG,rosier,CC BY-SA 3.0,https://creativecommons.org/licenses/by-sa/3.0
16274,Rancogne,Rancogne castle.JPG,Jack ma,CC BY-SA 3.0,https://creativecommons.org/licenses/by-sa/3.0
16275,Ranville-Breuillaud,Ranville1.7.JPG,rosier,CC BY-SA 3.0,https://creativecommons.org/licenses/by-sa/3.0
16276,Reignac,Reignac eg3.JPG,Jack ma,CC BY-SA 3.0,https://creativecommons.org/licenses/by-sa/3.0
16277,Réparsac,Réparsac2.2.JPG,rosier,CC BY-SA 3.0,https://creativecommons.org/licenses/by-sa/3.0
16278,Richemont,Richemont7.1.JPG,rosier,CC BY-SA 3.0,https://creativecommons.org/licenses/by-sa/3.0
16279,Rioux-Martin,Rioux-Martin Eglise 2012.jpg,JLPC,CC BY-SA 3.0,https://creativecommons.org/licenses/by-sa/3.0
16280,Rivières,Rivieres eg1.JPG,Jack ma,CC BY-SA 3.0,https://creativecommons.org/licenses/by-sa/3.0
16281,La Rochefoucauld,Larochef castle4.JPG,Jack ma,CC BY-SA 3.0,https://creativecommons.org/licenses/by-sa/3.0
16281,La Rochefoucauld-en-Angoumois,Larochef mairie.JPG,Jack ma,CC BY-SA 3.0,https://creativecommons.org/licenses/by-sa/3.0
16282,La Rochette,Rochette eg6.JPG,Jack ma,CC BY-SA 3.0,https://creativecommons.org/licenses/by-sa/3.0
16283,Ronsenac,Ronsenac Mairieb2.jpg,JLPC,CC BY-SA 3.0,https://creativecommons.org/licenses/by-sa/3.0
16284,Rouffiac,Rouffiac artisan.JPG,Jack ma,CC BY-SA 3.0,https://creativecommons.org/licenses/by-sa/3.0
16285,Rougnac,Rougnac mairie2.JPG,Jack ma,CC BY-SA 3.0,https://creativecommons.org/licenses/by-sa/3.0
16286,Rouillac,Rouillac eg1.JPG,Jack ma,CC BY-SA 3.0,https://creativecommons.org/licenses/by-sa/3.0
16287,Roullet,Roullet eg2.JPG,Jack ma,CC BY-SA 3.0,https://creativecommons.org/licenses/by-sa/3.0
16287,Roullet-Saint-Estèphe,Roullet eg2.JPG,Jack ma,CC BY-SA 3.0,https://creativecommons.org/licenses/by-sa/3.0
16288,Roumazières,Roumaz chap.JPG,Jack ma,CC BY-SA 3.0,https://creativecommons.org/licenses/by-sa/3.0
16289,Roussines,Roussines vue2.JPG,Jack ma,CC BY-SA 3.0,https://creativecommons.org/licenses/by-sa/3.0
16290,Rouzède,Rouzede eg1.JPG,Jack ma,CC BY-SA 3.0,https://creativecommons.org/licenses/by-sa/3.0
16291,Ruelle-sur-Touvre,Ruel fond3.JPG,Jack ma,CC BY-SA 3.0,https://creativecommons.org/licenses/by-sa/3.0
16292,Ruffec,Ruffec hv.JPG,Jack ma,CC BY-SA 3.0,https://creativecommons.org/licenses/by-sa/3.0
16293,Saint-Adjutory,Stadjutory eg1.JPG,Jack ma,CC BY-SA 3.0,https://creativecommons.org/licenses/by-sa/3.0
16294,Saint-Amant-de-Montmoreau,Stamant vue3.JPG,Jack ma,CC BY-SA 3.0,https://creativecommons.org/licenses/by-sa/3.0
16295,Saint-Amant-de-Boixe,Eglisevert.jpg,Anaël Vignet,CC BY 2.5,https://creativecommons.org/licenses/by/2.5
16296,Saint-Amant-de-Bonnieure,Stamantbon eg5.JPG,Jack ma,CC BY-SA 3.0,https://creativecommons.org/licenses/by-sa/3.0
16297,Graves-Saint-Amant,Graves eg1.JPG,Jack ma,CC BY-SA 3.0,https://creativecommons.org/licenses/by-sa/3.0
16298,Saint-Amant-de-Nouère,StAmantdeN3.JPG,rosier,CC BY-SA 3.0,https://creativecommons.org/licenses/by-sa/3.0
16299,Saint-André,LouzacStAndré1.JPG,rosier,CC BY-SA 3.0,https://creativecommons.org/licenses/by-sa/3.0
16300,Saint-Angeau,Stangeau eg3.JPG,Jack ma,CC BY-SA 3.0,https://creativecommons.org/licenses/by-sa/3.0
16300,Val-de-Bonnieure,Stangeau mairie.JPG,Jack ma,CC BY-SA 3.0,https://creativecommons.org/licenses/by-sa/3.0
16301,Saint-Aulais-la-Chapelle,Saint-Aulais-la-Chapelle 16 Église de Conzac SSE 2013.jpg,JLPC,CC BY-SA 3.0,https://creativecommons.org/licenses/by-sa/3.0
16302,Saint-Avit,Stavit eg1.JPG,Jack ma,CC BY-SA 3.0,https://creativecommons.org/licenses/by-sa/3.0
16303,Saint-Bonnet,Stbonnet.JPG,Jack ma,CC BY-SA 3.0,https://creativecommons.org/licenses/by-sa/3.0
16304,Saint-Brice,Stbrice mairie.JPG,Jack ma,CC BY-SA 3.0,https://creativecommons.org/licenses/by-sa/3.0
16305,Saint-Christophe-de-Chalais,Chalais St-Christophe 2012.jpg,JLPC,CC BY-SA 3.0,https://creativecommons.org/licenses/by-sa/3.0
16306,Saint-Christophe,Stchris mairie.JPG,Jack ma,CC BY-SA 3.0,https://creativecommons.org/licenses/by-sa/3.0
16307,Saint-Ciers-sur-Bonnieure,Stciersb eg.JPG,Jack ma,CC BY-SA 3.0,https://creativecommons.org/licenses/by-sa/3.0
16308,Saint-Claud,Stclaud place.JPG,Jack ma,CC BY-SA 3.0,https://creativecommons.org/licenses/by-sa/3.0
16309,Sainte-Colombe,Stecolombe castle.JPG,Jack ma,CC BY-SA 3.0,https://creativecommons.org/licenses/by-sa/3.0
16310,Saint-Coutant,Stcoutant eg.JPG,Jack ma,CC BY-SA 3.0,https://creativecommons.org/licenses/by-sa/3.0
16312,Saint-Cybardeaux,Saint-Cybardeaux Théâtre des Bouchauds La scène 2014.JPG,JLPC,CC BY-SA 3.0,https://creativecommons.org/licenses/by-sa/3.0
16313,Saint-Estèphe,SteEstèphe2.JPG,rosier,CC BY-SA 4.0,https://creativecommons.org/licenses/by-sa/4.0
16314,Saint-Eutrope,St-Eutrope 16 Mairie 2 2012.jpg,JLPC,CC BY-SA 3.0,https://creativecommons.org/licenses/by-sa/3.0
16315,Saint-Félix,Stfelix eg4.JPG,Jack ma,CC BY-SA 3.0,https://creativecommons.org/licenses/by-sa/3.0
16316,Saint-Fort-sur-le-Né,Stfort mairie.JPG,Jack ma,CC BY-SA 3.0,https://creativecommons.org/licenses/by-sa/3.0
16317,Saint-Fraigne,StFraigne7.JPG,rosier,CC BY-SA 3.0,https://creativecommons.org/licenses/by-sa/3.0
16318,Saint-Front,Stfront16 eg1.JPG,Jack ma,CC BY-SA 3.0,https://creativecommons.org/licenses/by-sa/3.0
16319,Saint-Genis-de-Blanzac,Cressac stgenis eg.JPG,Jack ma,CC BY-SA 3.0,https://creativecommons.org/licenses/by-sa/3.0
16320,Saint-Genis-d'Hiersac,Stgenisdh vue.JPG,Jack ma,CC BY-SA 3.0,https://creativecommons.org/licenses/by-sa/3.0
16321,Saint-Georges,Stgeorges16 mairie.JPG,Jack ma,CC BY-SA 3.0,https://creativecommons.org/licenses/by-sa/3.0
16322,Saint-Germain-de-Confolens,Stgermconf vue1.JPG,Jack ma,CC BY-SA 3.0,https://creativecommons.org/licenses/by-sa/3.0
16323,Saint-Germain-de-Montbron,Stgerm mb eg1.JPG,Jack ma,CC BY-SA 3.0,https://creativecommons.org/licenses/by-sa/3.0
16324,Saint-Gervais,Stgervais16 mairie.JPG,Jack ma,CC BY-SA 3.0,https://creativecommons.org/licenses/by-sa/3.0
16325,Saint-Gourson,Stgourson eg1.JPG,Jack ma,CC BY-SA 3.0,https://creativecommons.org/licenses/by-sa/3.0
16326,Saint-Groux,Stgroux mairie.JPG,Jack ma,CC BY-SA 3.0,https://creativecommons.org/licenses/by-sa/3.0
16327,Saint-Hilaire,Sthilbarb mairie.JPG,Jack ma,CC BY-SA 3.0,https://creativecommons.org/licenses/by-sa/3.0
16328,Saint-Laurent-de-Belzagot,Stlaurbelz eg1.JPG,Jack ma,CC BY-SA 3.0,https://creativecommons.org/licenses/by-sa/3.0
16329,Saint-Laurent-de-Céris,Stlaurentdeceris mairie.JPG,Jack ma,CC BY-SA 3.0,https://creativecommons.org/licenses/by-sa/3.0
16330,Saint-Laurent-de-Cognac,StLaurent1.6.JPG,rosier,CC BY-SA 3.0,https://creativecommons.org/licenses/by-sa/3.0
16331,Saint-Laurent-des-Combes,Stlaurcomb1.JPG,Jack ma,CC BY-SA 3.0,https://creativecommons.org/licenses/by-sa/3.0
16332,Saint-Léger,Stleger16 vue.JPG,Jack ma,CC BY-SA 3.0,https://creativecommons.org/licenses/by-sa/3.0
16333,Sainte-Marie,Chalais ste marie.JPG,Jack ma,CC BY-SA 3.0,https://creativecommons.org/licenses/by-sa/3.0
16334,Saint-Martial,Saint-Martial Vue SE 2012b.jpg,JLPC,CC BY-SA 3.0,https://creativecommons.org/licenses/by-sa/3.0
16335,Saint-Martin-du-Clocher,StMartinduC5.JPG,rosier,CC BY-SA 3.0,https://creativecommons.org/licenses/by-sa/3.0
16336,Saint-Mary,Stmary eg2.JPG,Jack ma,CC BY-SA 3.0,https://creativecommons.org/licenses/by-sa/3.0
16337,Saint-Maurice-des-Lions,Sml vue.JPG,Jack ma,CC BY-SA 3.0,https://creativecommons.org/licenses/by-sa/3.0
16338,Saint-Médard,Stmedard eg1.JPG,Jack ma,CC BY-SA 3.0,https://creativecommons.org/licenses/by-sa/3.0
16339,Auge-Saint-Médard,Auge1.1.JPG,r,CC BY-SA 3.0,https://creativecommons.org/licenses/by-sa/3.0
16339,Saint-Médard-de-Rouillac,StMédard(Auge).JPG,rosier,CC BY-SA 3.0,https://creativecommons.org/licenses/by-sa/3.0
16339,Val-d'Auge,Auge1.1.JPG,r,CC BY-SA 3.0,https://creativecommons.org/licenses/by-sa/3.0
16340,Saint-Même-les-Carrières,StMêmelesC8.JPG,rosier,CC BY-SA 3.0,https://creativecommons.org/licenses/by-sa/3.0
16341,Saint-Michel,StMichel5.JPG,rosier,CC BY-SA 3.0,https://creativecommons.org/licenses/by-sa/3.0
16342,Saint-Palais-du-Né,StPalaisNé9 - mairie.jpg,rosier,CC BY-SA 3.0,https://creativecommons.org/licenses/by-sa/3.0
16343,Saint-Preuil,StPreuil1.13.JPG,rosier,CC BY-SA 3.0,https://creativecommons.org/licenses/by-sa/3.0
16344,Saint-Projet-Saint-Constant,Stprojet eg.JPG,Jack ma,CC BY-SA 3.0,https://creativecommons.org/licenses/by-sa/3.0
16345,Saint-Quentin-sur-Charente,Saint Quentin-sur-Charente - Eglise.JPG,2Passage,CC BY-SA 3.0,https://creativecommons.org/licenses/by-sa/3.0
16346,Saint-Quentin-de-Chalais,Stquentch eg1.JPG,Jack ma,CC BY-SA 3.0,https://creativecommons.org/licenses/by-sa/3.0
16347,Saint-Romain,Stromain mairie.JPG,Jack ma,CC BY-SA 3.0,https://creativecommons.org/licenses/by-sa/3.0
16348,Saint-Saturnin,Stsat16 eg8.JPG,Jack ma,CC BY-SA 3.0,https://creativecommons.org/licenses/by-sa/3.0
16349,Sainte-Sévère,Mairie Sainte Sévère.JPG,Sainte-severe,CC BY-SA 3.0,https://creativecommons.org/licenses/by-sa/3.0
16350,Saint-Séverin,Stseverin place.JPG,Jack ma,CC BY-SA 3.0,https://creativecommons.org/licenses/by-sa/3.0
16351,Saint-Simeux,Stsimeux charente1.JPG,Jack ma,CC BY-SA 3.0,https://creativecommons.org/licenses/by-sa/3.0
16352,Saint-Simon,Saint-Simon 16 Mairie-maison des gabarriers 2013.jpg,JLPC,CC BY-SA 3.0,https://creativecommons.org/licenses/by-sa/3.0
16353,Saint-Sornin,StSornin3.JPG,rosier,CC BY-SA 4.0,https://creativecommons.org/licenses/by-sa/4.0
16354,Sainte-Souline,Stesouline eg1.JPG,Jack ma,CC BY-SA 3.0,https://creativecommons.org/licenses/by-sa/3.0
16355,Saint-Sulpice-de-Cognac,StSulpiceMairie1.JPG,No machine-readable author provided. Rosier assumed (based on copyright claims).,CC BY-SA 4.0,https://creativecommons.org/licenses/by-sa/4.0
16356,Saint-Sulpice-de-Ruffec,Ssruffec eg1.JPG,Jack ma,CC BY-SA 3.0,https://creativecommons.org/licenses/by-sa/3.0
16357,Saint-Vallier,Stvallier mairie.JPG,Jack ma,CC BY-SA 3.0,https://creativecommons.org/licenses/by-sa/3.0
16358,Saint-Yrieix-sur-Charente,St-yrieix mairie.JPG,Jack ma,CC BY-SA 3.0,https://creativecommons.org/licenses/by-sa/3.0
16359,Salles-d'Angles,Sallesdang mairie.JPG,Jack ma,CC BY-SA 3.0,https://creativecommons.org/licenses/by-sa/3.0
16360,Salles-de-Barbezieux,SallesdeB01.JPG,rosier,CC BY-SA 4.0,https://creativecommons.org/licenses/by-sa/4.0
16361,Salles-de-Villefagnan,Sallesvf mairie.JPG,Jack ma,CC BY-SA 3.0,https://creativecommons.org/licenses/by-sa/3.0
16362,Salles-Lavalette,Salleslav maison.JPG,Jack ma,CC BY-SA 3.0,https://creativecommons.org/licenses/by-sa/3.0
16363,Saulgond,Saulgond eg4.JPG,Jack ma,CC BY-SA 3.0,https://creativecommons.org/licenses/by-sa/3.0
16364,Sauvagnac,Sauvagnac mairie.JPG,Jack ma,CC BY-SA 3.0,https://creativecommons.org/licenses/by-sa/3.0
16365,Sauvignac,Sauvignac mairie.JPG,Jack ma,CC BY-SA 3.0,https://creativecommons.org/licenses/by-sa/3.0
16366,Segonzac,Segonzac 16 Façade Mairie 2013.jpg,JLPC,CC BY-SA 3.0,https://creativecommons.org/licenses/by-sa/3.0
16368,Sers,Sers eg2.JPG,Jack ma,CC BY-SA 3.0,https://creativecommons.org/licenses/by-sa/3.0
16369,Sigogne,Sigogne mairie.JPG,Jack ma,CC BY-SA 3.0,https://creativecommons.org/licenses/by-sa/3.0
16370,Sireuil,Sireuil mairie2.JPG,Jack ma,CC BY-SA 3.0,https://creativecommons.org/licenses/by-sa/3.0
16371,Sonneville,Sonneville2.1.JPG,rosier,CC BY-SA 3.0,https://creativecommons.org/licenses/by-sa/3.0
16372,Souffrignac,Souffrignac eg1.JPG,Jack ma,CC BY-SA 3.0,https://creativecommons.org/licenses/by-sa/3.0
16373,Souvigné,Souvigné - Eglise.JPG,2Passage,CC BY-SA 4.0,https://creativecommons.org/licenses/by-sa/4.0
16374,Soyaux,Soy mair.JPG,Jack ma,CC BY-SA 3.0,https://creativecommons.org/licenses/by-sa/3.0
16375,Suaux,Suaux mairie.JPG,Jack ma,CC BY-SA 3.0,https://creativecommons.org/licenses/by-sa/3.0
16376,Suris,Suris eg1.JPG,Jack ma,CC BY-SA 3.0,https://creativecommons.org/licenses/by-sa/3.0
16377,La Tâche,Latache mairie.JPG,Jack ma,CC BY-SA 3.0,https://creativecommons.org/licenses/by-sa/3.0
16378,Taizé-Aizie,Taizea eg.JPG,Jack ma,CC BY-SA 3.0,https://creativecommons.org/licenses/by-sa/3.0
16379,Taponnat-Fleurignac,Taponnat mairie.JPG,Jack ma,CC BY-SA 3.0,https://creativecommons.org/licenses/by-sa/3.0
16380,Le Tâtre,Letatre eg1.JPG,Jack ma,CC BY-SA 3.0,https://creativecommons.org/licenses/by-sa/3.0
16381,Theil-Rabier,TheilRabier4.JPG,rosier,CC BY-SA 3.0,https://creativecommons.org/licenses/by-sa/3.0
16382,Torsac,Torsac 1.JPG,Jack ma,CC BY-SA 3.0,https://creativecommons.org/licenses/by-sa/3.0
16383,Tourriers,Tourriers mairie.JPG,Jack ma,CC BY-SA 3.0,https://creativecommons.org/licenses/by-sa/3.0
16384,Touvérac,Touverac mairie.JPG,Jack ma,CC BY-SA 3.0,https://creativecommons.org/licenses/by-sa/3.0
16385,Touvre,Touv src eg.JPG,Jack ma,CC BY-SA 3.0,https://creativecommons.org/licenses/by-sa/3.0
16386,Touzac,Touzac eg1.JPG,Jack ma,CC BY-SA 3.0,https://creativecommons.org/licenses/by-sa/3.0
16387,Triac-Lautrait,Triac-lautrait mairie.JPG,Jack ma,CC BY-SA 3.0,https://creativecommons.org/licenses/by-sa/3.0
16388,Trois-Palis,Troispalis eg6.JPG,Jack ma,CC BY-SA 3.0,https://creativecommons.org/licenses/by-sa/3.0
16389,Turgon,Turgon mairie.JPG,Jack ma,CC BY-SA 3.0,https://creativecommons.org/licenses/by-sa/3.0
16390,Tusson,TussonMairie.JPG,JarnaQuais,CC BY-SA 3.0,https://creativecommons.org/licenses/by-sa/3.0
16391,Tuzie,Tuzie mairie.JPG,Jack ma,CC BY-SA 3.0,https://creativecommons.org/licenses/by-sa/3.0
16392,Valence,Valence16 vue.JPG,Jack ma,CC BY-SA 3.0,https://creativecommons.org/licenses/by-sa/3.0
16393,La Boixe,Vars16 mairie.JPG,Jack ma,CC BY-SA 3.0,https://creativecommons.org/licenses/by-sa/3.0
16393,Vars,Vars16 mairie.JPG,Jack ma,CC BY-SA 3.0,https://creativecommons.org/licenses/by-sa/3.0
16394,Vaux-Lavalette,Vauxlav mairie.JPG,Jack ma,CC BY-SA 3.0,https://creativecommons.org/licenses/by-sa/3.0
16395,Vaux-Rouillac,VauxR2.JPG,rosier,CC BY-SA 3.0,https://creativecommons.org/licenses/by-sa/3.0
16396,Ventouse,Ventouse mairie.JPG,Jack ma,CC BY-SA 3.0,https://creativecommons.org/licenses/by-sa/3.0
16397,Verdille,Verdille1.3.JPG,rosier,CC BY-SA 3.0,https://creativecommons.org/licenses/by-sa/3.0
16398,Verneuil,Verneuil mairie.JPG,Jack ma,CC BY-SA 3.0,https://creativecommons.org/licenses/by-sa/3.0
16399,Verrières,Verrières1.6.JPG,rosier,CC BY-SA 3.0,https://creativecommons.org/licenses/by-sa/3.0
16400,Verteuil-sur-Charente,Chateau Verteuil.JPG,Mishastranger,CC BY-SA 3.0,https://creativecommons.org/licenses/by-sa/3.0
16401,Vervant,Vervant1.JPG,rosier,CC BY-SA 3.0,https://creativecommons.org/licenses/by-sa/3.0
16402,Vibrac,Vibrac1.3.JPG,rosier,CC BY-SA 3.0,https://creativecommons.org/licenses/by-sa/3.0
16403,Le Vieux-Cérier,Vieuxcerier mairie.JPG,Jack ma,CC BY-SA 3.0,https://creativecommons.org/licenses/by-sa/3.0
16404,Vieux-Ruffec,Vieuxruffec eg2.JPG,Jack ma,CC BY-SA 3.0,https://creativecommons.org/licenses/by-sa/3.0
16405,Vignolles,Vignolles mairie.JPG,Jack ma,CC BY-SA 3.0,https://creativecommons.org/licenses/by-sa/3.0
16406,Moulins-sur-Tardoire,Rancogne castle.JPG,Jack ma,CC BY-SA 3.0,https://creativecommons.org/licenses/by-sa/3.0
16406,Vilhonneur,Vilhonneur eg2.JPG,Jack ma,CC BY-SA 3.0,https://creativecommons.org/licenses/by-sa/3.0
16407,Villars,Villars 16 Église 2013.jpg,JLPC,CC BY-SA 3.0,https://creativecommons.org/licenses/by-sa/3.0
16408,Villebois-Lavalette,Villebois-Lavalette 16 Bourg depuis D17 2013.jpg,JLPC,CC BY-SA 3.0,https://creativecommons.org/licenses/by-sa/3.0
16409,Villefagnan,Villefagnan10.JPG,rosier,CC BY-SA 3.0,https://creativecommons.org/licenses/by-sa/3.0
16410,Villegats,Villegats mairie.JPG,Jack ma,CC BY-SA 3.0,https://creativecommons.org/licenses/by-sa/3.0
16411,Villejésus,Villejesus mairie1.JPG,Jack ma,CC BY-SA 3.0,https://creativecommons.org/licenses/by-sa/3.0
16412,Villejoubert,Villejoubert6.JPG,rosier,CC BY-SA 3.0,https://creativecommons.org/licenses/by-sa/3.0
16413,Villiers-le-Roux,VILLIERS-LE-ROUX MAIRIE.jpg,User:VP16,CC BY-SA 4.0,https://creativecommons.org/licenses/by-sa/4.0
16414,Villognon,Villognon mairie.JPG,Jack ma,CC BY-SA 3.0,https://creativecommons.org/licenses/by-sa/3.0
16415,Vindelle,Vindelle village.jpg,Père Igor,CC BY-SA 3.0,https://creativecommons.org/licenses/by-sa/3.0
16416,Vitrac-Saint-Vincent,Vitracsv est.JPG,Jack ma,CC BY-SA 3.0,https://creativecommons.org/licenses/by-sa/3.0
16417,Viville,Viville1.1.JPG,rosier,CC BY-SA 3.0,https://creativecommons.org/licenses/by-sa/3.0
16418,Vœuil-et-Giget,Voeuil eglise.JPG,Jack ma,CC BY-SA 3.0,https://creativecommons.org/licenses/by-sa/3.0
16419,Vouharte,Vouharte - Eglise.JPG,2Passage,CC BY-SA 4.0,https://creativecommons.org/licenses/by-sa/4.0
16420,Voulgézac,Voulgézac - Bourg depuis le sud.jpg,2Passage,CC BY-SA 3.0,https://creativecommons.org/licenses/by-sa/3.0
16421,Vouthon,Vouthon mairie.JPG,Jack ma,CC BY-SA 3.0,https://creativecommons.org/licenses/by-sa/3.0
16422,Vouzan,Vouzan1.5.JPG,rosier,CC BY-SA 3.0,https://creativecommons.org/licenses/by-sa/3.0
16423,Xambes,Xambes mairie.JPG,Jack ma,CC BY-SA 3.0,https://creativecommons.org/licenses/by-sa/3.0
16424,Yviers,Yviers Église 2012.jpg,JLPC,CC BY-SA 3.0,https://creativecommons.org/licenses/by-sa/3.0
16425,Yvrac-et-Malleyrand,Yvracm eg1.JPG,Jack ma,CC BY-SA 3.0,https://creativecommons.org/licenses/by-sa/3.0
33001,Abzac,Abzac 33 Mairie.jpg,Henry Salomé,CC BY-SA 3.0,https://creativecommons.org/licenses/by-sa/3.0
33002,Aillas,Aillas Mairie.jpg,Henry Salomé,CC BY-SA 4.0,https://creativecommons.org/licenses/by-sa/4.0
33003,Ambarès-et-Lagrave,Ambarès-et-Lagrave Mairie.JPG,Henry Salomé,CC BY-SA 3.0,https://creativecommons.org/licenses/by-sa/3.0
33004,Ambès,Site ambes.jpg,© Port de Bordeaux,CC BY-SA 2.0 fr,https://creativecommons.org/licenses/by-sa/2.0/fr/deed.en
33005,Andernos-les-Bains,Andernos Mairie.jpg,Henry SALOMÉ,CC BY-SA 4.0,https://creativecommons.org/licenses/by-sa/4.0
33006,Anglade,Anglade (Gironde) mairie.JPG,Havang(nl),CC0,http://creativecommons.org/publicdomain/zero/1.0/deed.en
33007,Arbanats,Arbanats Mairie.jpg,Henry Salomé,CC BY-SA 3.0,https://creativecommons.org/licenses/by-sa/3.0
33008,Arbis,Château de Benauges - vue aerienne.jpg,Association des amis du Château de Benauge,CC BY-SA 3.0,https://creativecommons.org/licenses/by-sa/3.0
33008,Porte-de-Benauge,Arbis Mairie.jpg,Henry Salomé,CC BY-SA 3.0,https://creativecommons.org/licenses/by-sa/3.0
33009,Arcachon,Moulleau.JPG,User Mtu33260 on fr.wikipedia,CC BY-SA 3.0,http://creativecommons.org/licenses/by-sa/3.0/
33010,Arcins,Eglise Arcins-3.JPG,Erdrokan,CC BY-SA 3.0,https://creativecommons.org/licenses/by-sa/3.0
33011,Arès,Arès 33 Mairie.jpg,Henry SALOMÉ,CC BY-SA 4.0,https://creativecommons.org/licenses/by-sa/4.0
33012,Arsac,Église d'Arsac - 4.jpg,User:Symac,CC BY-SA 3.0,https://creativecommons.org/licenses/by-sa/3.0
33013,Artigues-près-Bordeaux,Mairie d artigues pres bordeaux.JPG,Delbarre Cédric,Public domain,
33014,Les Artigues-de-Lussac,055 Les Artigues-de-Lussac ( 33570 ).JPG,Bastien.pierre,CC BY-SA 4.0,https://creativecommons.org/licenses/by-sa/4.0
33015,Arveyres,Commanderie Arveyres Cote.JPG,Messire Hephgé,CC BY-SA 3.0,https://creativecommons.org/licenses/by-sa/3.0
33016,Asques,Asques 33 église saint-jean 201129a.jpg,Franck-fnba,CC BY-SA 4.0,https://creativecommons.org/licenses/by-sa/4.0
33017,Aubiac,Aubiac 33 Mairie.jpg,Henry Salomé,CC BY-SA 3.0,https://creativecommons.org/licenses/by-sa/3.0
33018,Aubie-et-Espessas,Aubie et espessas centre village.jpg,Manuel Lasnier,CC BY-SA 3.0,https://creativecommons.org/licenses/by-sa/3.0
33018,Val de Virvée,Aubie-et-Espessas Mairie.JPG,William Ellison,CC BY-SA 4.0,https://creativecommons.org/licenses/by-sa/4.0
33019,Audenge,Certes1.JPG,No machine-readable author provided. Patrick.charpiat assumed (based on copyright claims).,CC BY-SA 2.5,https://creativecommons.org/licenses/by-sa/2.5
33020,Auriolles,Auriolles Mairie.jpg,Henry Salomé,CC BY-SA 3.0,https://creativecommons.org/licenses/by-sa/3.0
33021,Auros,Auros Mairie.jpg,Henry SALOMÉ,CC BY-SA 4.0,https://creativecommons.org/licenses/by-sa/4.0
33022,Avensan,Mairie d'Avensan.jpg,User:Symac,CC BY-SA 3.0,https://creativecommons.org/licenses/by-sa/3.0
33023,Ayguemorte-les-Graves,Ayguemorte-les-Graves Mairie.jpg,Henry Salomé,CC BY-SA 3.0,https://creativecommons.org/licenses/by-sa/3.0
33024,Bagas,Bagas Mairie.jpg,Henry Salomé,CC BY-SA 3.0,https://creativecommons.org/licenses/by-sa/3.0
33025,Baigneaux,Baigneaux Mairie.jpg,Henry Salomé,CC BY-SA 3.0,https://creativecommons.org/licenses/by-sa/3.0
33026,Balizac,Balizac Mairie.jpg,Henry Salomé,CC BY-SA 3.0,https://creativecommons.org/licenses/by-sa/3.0
33027,Barie,Barie Mairie.jpg,Henry SALOMÉ,CC BY-SA 4.0,https://creativecommons.org/licenses/by-sa/4.0
33028,Baron,Baron Mairie.JPG,William Ellison,CC BY-SA 4.0,https://creativecommons.org/licenses/by-sa/4.0
33029,Le Barp,FR-33-Le Barp.JPG,Szeder László,CC BY-SA 4.0,https://creativecommons.org/licenses/by-sa/4.0
33030,Barsac,Barsac Mairie.JPG,Henry Salomé,CC BY-SA 4.0,https://creativecommons.org/licenses/by-sa/4.0
33031,Bassanne,Bassane Mairie.jpg,Henry SALOMÉ,CC BY-SA 4.0,https://creativecommons.org/licenses/by-sa/4.0
33032,Bassens,Bassens 1 (docks sur la Garonne).JPG,Florian Pépellin,Public domain,
33033,Baurech,Eglise de Baurech - clocher.JPG,PA,CC BY-SA 3.0,https://creativecommons.org/licenses/by-sa/3.0
33034,Bayas,Eglise Ste Croix de Bayas.JPG,Abrahami,CC BY-SA 3.0,https://creativecommons.org/licenses/by-sa/3.0
33035,Bayon-sur-Gironde,"Bayon-sur-Gironde, Église Notre-Dame, chevet.JPG",Havang(nl),CC0,http://creativecommons.org/publicdomain/zero/1.0/deed.en
33036,Bazas,Place de la cathédrale.JPG,C. Lalanne,CC BY-SA 3.0,http://creativecommons.org/licenses/by-sa/3.0/
33037,Beautiran,Beautiran Mairie.jpg,Henry Salomé,CC BY-SA 4.0,https://creativecommons.org/licenses/by-sa/4.0
33038,Bégadan,Begadan eg1.JPG,Jack ma,CC BY-SA 3.0,https://creativecommons.org/licenses/by-sa/3.0
33039,Bègles,Chateau de francs.jpg,Mairie de Bègles,Public domain,
33040,Béguey,Béguey Mairie.jpg,Henry Salomé,CC BY-SA 3.0,https://creativecommons.org/licenses/by-sa/3.0
33041,Béliet,"Belin-Béliet (Gironde) église Saint-Maurice de Béliet, extérieur.JPG",Havang(nl),CC0,http://creativecommons.org/publicdomain/zero/1.0/deed.en
33042,Belin-Béliet,Belin-Beliet-mairie-01.jpg,BlueGinkgo,CC BY-SA 3.0,https://creativecommons.org/licenses/by-sa/3.0
33043,Bellebat,Bellebat Mairie.jpg,Henry Salomé,CC BY-SA 3.0,https://creativecommons.org/licenses/by-sa/3.0
33044,Bellefond,Bellefond - Eglise Saint-Eutrope - 01.jpg,Antoine Garnier,CC BY-SA 4.0,https://creativecommons.org/licenses/by-sa/4.0
33045,Belvès-de-Castillon,014 Belves-de-Castillon ( 33350 ).JPG,Bastien.pierre,CC BY-SA 4.0,https://creativecommons.org/licenses/by-sa/4.0
33046,Bernos-Beaulac,Bernos-Beaulac Mairie.jpg,Henry Salomé,CC BY-SA 3.0,https://creativecommons.org/licenses/by-sa/3.0
33047,Berson,Bourg Berson.JPG,MaxDo,CC BY-SA 3.0,https://creativecommons.org/licenses/by-sa/3.0
33048,Berthez,Berthez Mairie.jpg,Henry SALOMÉ,CC BY-SA 4.0,https://creativecommons.org/licenses/by-sa/4.0
33049,Beychac-et-Caillau,Beychac et Caillau église Saint-Marcel 1.JPG,William Ellison,CC BY-SA 4.0,https://creativecommons.org/licenses/by-sa/4.0
33050,Bieujac,Bieujac Mairie.jpg,Henry SALOMÉ,CC BY-SA 4.0,https://creativecommons.org/licenses/by-sa/4.0
33051,Biganos,Biganos.jpg,Bertrand DARRACQ,CC BY-SA 2.5,https://creativecommons.org/licenses/by-sa/2.5
33052,Les Billaux,Billaux mairie1.JPG,Jack ma,CC BY-SA 3.0,https://creativecommons.org/licenses/by-sa/3.0
33053,Birac,Birac 33 Mairie.jpg,Henry Salomé,CC BY-SA 3.0,https://creativecommons.org/licenses/by-sa/3.0
33054,Blaignac,Blaignac Mairie.jpg,Henry SALOMÉ,CC BY-SA 4.0,https://creativecommons.org/licenses/by-sa/4.0
33055,Blaignan,Blaignan castle hill.JPG,Jack ma,CC BY-SA 3.0,https://creativecommons.org/licenses/by-sa/3.0
33055,Blaignan-Prignac,Blaignan mairie.JPG,Jack ma,CC BY-SA 3.0,https://creativecommons.org/licenses/by-sa/3.0
33056,Blanquefort,BF - Patrimoine.jpg,PA,CC BY-SA 4.0,https://creativecommons.org/licenses/by-sa/4.0
33057,Blasimon,Blasimon Mairie.jpg,Henry Salomé,CC BY-SA 3.0,https://creativecommons.org/licenses/by-sa/3.0
33058,Blaye,Vue sur Blaye.jpg,Cobber17,CC BY-SA 3.0,https://creativecommons.org/licenses/by-sa/3.0
33059,Blésignac,Blésignac Eglise St Roch.JPG,William Ellison,CC BY-SA 3.0,https://creativecommons.org/licenses/by-sa/3.0
33060,Bommes,Bommes Mairie.jpg,Henry Salomé,CC BY-SA 3.0,https://creativecommons.org/licenses/by-sa/3.0
33061,Bonnetan,Église Saint-Martin de Bonnetan 2.JPG,William Ellison,CC BY-SA 4.0,https://creativecommons.org/licenses/by-sa/4.0
33062,Bonzac,Bonzac vue1.JPG,Jack ma,CC BY-SA 3.0,https://creativecommons.org/licenses/by-sa/3.0
33063,Bordeaux,138 - Place de la Bourse et le miroir d'eau - Bordeaux.jpg,Patrick Despoix,CC BY-SA 4.0,https://creativecommons.org/licenses/by-sa/4.0
33064,Bossugan,Bossugan Mairie.jpg,Henry Salomé,CC BY-SA 3.0,https://creativecommons.org/licenses/by-sa/3.0
33065,Bouliac,Bouliac église Saint-Siméon 2.JPG,William Ellison,CC BY-SA 4.0,https://creativecommons.org/licenses/by-sa/4.0
33066,Bourdelles,Bourdelles Mairie.jpg,Henry Salomé,CC BY-SA 3.0,https://creativecommons.org/licenses/by-sa/3.0
33067,Bourg,Bourg-sur-Gironde2.jpg,Michel Reza,CC BY-SA 2.0,https://creativecommons.org/licenses/by-sa/2.0
33068,Bourideys,Bourideys Mairie.jpg,Henry Salomé,CC BY-SA 3.0,https://creativecommons.org/licenses/by-sa/3.0
33069,Le Bouscat,Mairie Bouscat.jpg,Dark Attsios,CC BY-SA 3.0,https://creativecommons.org/licenses/by-sa/3.0
33070,Brach,Mairie de Brach.jpg,MairieBrach,CC BY-SA 4.0,https://creativecommons.org/licenses/by-sa/4.0
33071,Branne,Panorama-Branne-Gironde XPommeret.JPG,Xavier Pommeret,CC BY-SA 3.0,https://creativecommons.org/licenses/by-sa/3.0
33072,Brannens,Brannens Mairie.jpg,Henry SALOMÉ,CC BY-SA 4.0,https://creativecommons.org/licenses/by-sa/4.0
33073,Braud-et-Saint-Louis,Braud-et-Saint-Louis (Gironde) mairie-poste.JPG,Havang(nl),CC0,http://creativecommons.org/publicdomain/zero/1.0/deed.en
33074,Brouqueyran,Brouqueyran Mairie.jpg,Henry Salomé,CC BY-SA 3.0,https://creativecommons.org/licenses/by-sa/3.0
33075,Bruges,Mairie de Bruges Gironde.JPG,Paternel 1 (talk),CC BY-SA 3.0,http://creativecommons.org/licenses/by-sa/3.0/
33076,Budos,Budos Mairie.jpg,Henry Salomé,CC BY-SA 3.0,https://creativecommons.org/licenses/by-sa/3.0
33077,Cabanac-et-Villagrains,Cabanac-et-Villagrains Mairie.jpg,Henry Salomé,CC BY-SA 3.0,https://creativecommons.org/licenses/by-sa/3.0
33078,Cabara,Cabara vue1.JPG,Jack ma,CC BY-SA 3.0,https://creativecommons.org/licenses/by-sa/3.0
33079,Cadarsac,Cadarsac Eglise 2.JPG,William Ellison,CC BY-SA 3.0,https://creativecommons.org/licenses/by-sa/3.0
33080,Cadaujac,Cadaujac-Gironde-la-mairie.jpg,BlueGinkgo,CC BY-SA 3.0,https://creativecommons.org/licenses/by-sa/3.0
33081,Cadillac-sur-Garonne,Cadillac 33 Hôtel de ville 02.jpg,Henry Salomé,CC BY-SA 3.0,https://creativecommons.org/licenses/by-sa/3.0
33082,Cadillac-en-Fronsadais,Cadillacf eg1.JPG,Jack ma,CC BY-SA 3.0,https://creativecommons.org/licenses/by-sa/3.0
33083,Camarsac,Camarsac Eglise St Saturnin 2.JPG,William Ellison,CC BY-SA 3.0,https://creativecommons.org/licenses/by-sa/3.0
33084,Cambes,Cambes Eglise St Martin 1.JPG,William Ellison,CC BY-SA 3.0,https://creativecommons.org/licenses/by-sa/3.0
33085,Camblanes-et-Meynac,Camblanes Mairie.jpg,PA,CC BY-SA 4.0,https://creativecommons.org/licenses/by-sa/4.0
33086,Camiac-et-Saint-Denis,Camiac-et St-Denis Mairie.JPG,William Ellison,CC BY-SA 4.0,https://creativecommons.org/licenses/by-sa/4.0
33087,Camiran,Camiran Mairie.jpg,Henry Salomé,CC BY-SA 3.0,https://creativecommons.org/licenses/by-sa/3.0
33088,Camps-sur-l'Isle,Campsisle n89.JPG,Jack ma,CC BY-SA 3.0,https://creativecommons.org/licenses/by-sa/3.0
33089,Campugnan,Campugnan mairie.JPG,Jack ma,CC BY-SA 3.0,https://creativecommons.org/licenses/by-sa/3.0
33090,Canéjan,Eglise Saint-Jean-Baptiste Canéjan 2012.jpg,TitLimo,CC BY-SA 3.0,https://creativecommons.org/licenses/by-sa/3.0
33091,Cantenac,Église de Cantenac.jpg,PA,CC BY-SA 3.0,https://creativecommons.org/licenses/by-sa/3.0
33092,Cantois,Cantois Mairie.jpg,Henry Salomé,CC BY-SA 3.0,https://creativecommons.org/licenses/by-sa/3.0
33093,Capian,Capian Mairie.jpg,Henry Salomé,CC BY-SA 4.0,https://creativecommons.org/licenses/by-sa/4.0
33094,Caplong,"Caplong (Gironde, Fr), tour de l'église.JPG",Havang(nl),CC0,http://creativecommons.org/publicdomain/zero/1.0/deed.en
33095,Captieux,Captieux Mairie.jpg,Henry Salomé,CC BY-SA 3.0,https://creativecommons.org/licenses/by-sa/3.0
33096,Carbon-Blanc,Carbon-Blanc Mairie.JPG,William Ellison,CC BY-SA 4.0,https://creativecommons.org/licenses/by-sa/4.0
33097,Carcans,Mairie carcans.jpg,Michel VENOT,CC BY-SA 3.0,https://creativecommons.org/licenses/by-sa/3.0
33098,Cardan,Cardan Mairie.jpg,Henry Salomé,CC BY-SA 4.0,https://creativecommons.org/licenses/by-sa/4.0
33099,Carignan-de-Bordeaux,Carignan de Bordeaux01.jpg,BlueGinkgo,CC BY-SA 3.0,https://creativecommons.org/licenses/by-sa/3.0
33100,Cars,"Cars, Gironde.jpg",michael clarke stuff,CC BY-SA 2.0,https://creativecommons.org/licenses/by-sa/2.0
33101,Cartelègue,Cartelegue mairie2.JPG,Jack ma,CC BY-SA 3.0,https://creativecommons.org/licenses/by-sa/3.0
33102,Casseuil,Casseuil Mairie.JPG,Henry Salomé,CC BY-SA 4.0,https://creativecommons.org/licenses/by-sa/4.0
33103,Castelmoron-d'Albret,Castelmoron-d'Albret Mairie.jpg,Henry Salomé,CC BY-SA 4.0,https://creativecommons.org/licenses/by-sa/4.0
33104,Castelnau-de-Médoc,Mairie-Castelnau-de-medoc.jpg,Joel camelot,CC BY-SA 3.0,https://creativecommons.org/licenses/by-sa/3.0
33105,Castelviel,Castelviel Église Notre-Dame 02.jpg,Henry Salomé,CC BY-SA 3.0,https://creativecommons.org/licenses/by-sa/3.0
33106,Castets et Castillon,Castets-en-Dorthe Mairie.jpg,Henry SALOMÉ,CC BY-SA 4.0,https://creativecommons.org/licenses/by-sa/4.0
33106,Castets-en-Dorthe,Castets-en-Dorthe Mairie.jpg,Henry SALOMÉ,CC BY-SA 4.0,https://creativecommons.org/licenses/by-sa/4.0
33107,Castillon-de-Castets,Castillon-de-Castets Mairie.jpg,Henry SALOMÉ,CC BY-SA 4.0,https://creativecommons.org/licenses/by-sa/4.0
33108,Castillon-la-Bataille,DSC07516 Castillon la Bataille k.jpg,Leo R,Public domain,
33109,Castres-Gironde,Castres-Gironde Mairie.jpg,Henry SALOMÉ,CC BY-SA 4.0,https://creativecommons.org/licenses/by-sa/4.0
33111,Caudrot,Caudrot Mairie.JPG,Henry Salomé,CC BY-SA 4.0,https://creativecommons.org/licenses/by-sa/4.0
33112,Caumont,Caumont 33 Mairie.jpg,Henry Salomé,CC BY-SA 3.0,https://creativecommons.org/licenses/by-sa/3.0
33113,Cauvignac,Cauvignac Mairie.jpg,Henry Salomé,CC BY-SA 3.0,https://creativecommons.org/licenses/by-sa/3.0
33114,Cavignac,Cavignac rue princ.JPG,Jack ma,CC BY-SA 3.0,https://creativecommons.org/licenses/by-sa/3.0
33115,Cazalis,Cazalis 33 Vue.jpg,Henry Salomé,CC BY-SA 3.0,https://creativecommons.org/licenses/by-sa/3.0
33116,Cazats,Cazats Mairie.jpg,Henry Salomé,CC BY-SA 3.0,https://creativecommons.org/licenses/by-sa/3.0
33117,Cazaugitat,Cazaugitat Mairie.jpg,Henry Salomé,CC BY-SA 3.0,https://creativecommons.org/licenses/by-sa/3.0
33118,Cénac,Ancienne gare de Citon-Cénac (2).jpg,Symac / Sylvain Machefert,CC BY-SA 3.0,https://creativecommons.org/licenses/by-sa/3.0
33119,Cenon,Gare de Cenon - Mai 2025.png,Marcel Roblin,CC BY-SA 4.0,https://creativecommons.org/licenses/by-sa/4.0
33120,Cérons,Cérons Mairie.jpg,Henry Salomé,CC BY-SA 3.0,https://creativecommons.org/licenses/by-sa/3.0
33121,Cessac,Cessac Mairie.jpg,Henry Salomé,CC BY-SA 3.0,https://creativecommons.org/licenses/by-sa/3.0
33122,Cestas,Eglise Cestas Exterieur.JPG,No machine-readable author provided. MagnetiK assumed (based on copyright claims).,CC BY-SA 2.5,https://creativecommons.org/licenses/by-sa/2.5
33123,Cézac,Cezac33 eg sf.JPG,Jack ma,CC BY-SA 3.0,https://creativecommons.org/licenses/by-sa/3.0
33124,Chamadelle,Chamadelle vue.JPG,Jack ma,CC BY-SA 3.0,https://creativecommons.org/licenses/by-sa/3.0
33125,Cissac-Médoc,"Cissac-Médoc, Gironde, église Sainte Marie bu IMG 1354.jpg",Unozoe,CC BY-SA 3.0,https://creativecommons.org/licenses/by-sa/3.0
33126,Civrac-de-Blaye,Civracblaye vue1.JPG,Jack ma,CC BY-SA 3.0,https://creativecommons.org/licenses/by-sa/3.0
33127,Civrac-sur-Dordogne,Civrac Eglise St Michel 1.JPG,William Ellison,CC BY-SA 4.0,https://creativecommons.org/licenses/by-sa/4.0
33128,Civrac-en-Médoc,Civracm vue eg.JPG,Jack ma,CC BY-SA 3.0,https://creativecommons.org/licenses/by-sa/3.0
33129,Cleyrac,Cleyrac Mairie.jpg,Henry Salomé,CC BY-SA 3.0,https://creativecommons.org/licenses/by-sa/3.0
33130,Coimères,Coimères Mairie.jpg,Henry Salomé,CC BY-SA 3.0,https://creativecommons.org/licenses/by-sa/3.0
33131,Coirac,Coirac Mairie.jpg,Henry Salomé,CC BY-SA 3.0,https://creativecommons.org/licenses/by-sa/3.0
33132,Comps,Comps33 vue1.JPG,Jack ma,CC BY-SA 3.0,https://creativecommons.org/licenses/by-sa/3.0
33133,Coubeyrac,Coubeyrac église St Philippe 3.JPG,William Ellison,CC BY-SA 4.0,https://creativecommons.org/licenses/by-sa/4.0
33134,Couquèques,Couqueques eg monu.JPG,Jack ma,CC BY-SA 3.0,https://creativecommons.org/licenses/by-sa/3.0
33135,Courpiac,Courpiac Mairie.jpg,Henry Salomé,CC BY-SA 3.0,https://creativecommons.org/licenses/by-sa/3.0
33136,Cours-de-Monségur,Cours-de-Monségur Mairie.jpg,Henry Salomé,CC BY-SA 3.0,https://creativecommons.org/licenses/by-sa/3.0
33137,Cours-les-Bains,Cours-les-Bains Mairie.jpg,Henry Salomé,CC BY-SA 3.0,https://creativecommons.org/licenses/by-sa/3.0
33138,Coutras,Coutras hôtel de ville.JPG,Père Igor,CC BY-SA 3.0,https://creativecommons.org/licenses/by-sa/3.0
33139,Coutures,Coutures 78 Mairie.jpg,Henry Salomé,CC BY-SA 3.0,https://creativecommons.org/licenses/by-sa/3.0
33140,Créon,Eglise Notre-Dame de Créon2.JPG,Ophelia2,CC BY-SA 3.0,https://creativecommons.org/licenses/by-sa/3.0
33141,Croignon,Croignon Mairie.JPG,William Ellison,CC BY-SA 4.0,https://creativecommons.org/licenses/by-sa/4.0
33142,Cubnezais,Cubnezais mairie.JPG,Jack ma,CC BY-SA 3.0,https://creativecommons.org/licenses/by-sa/3.0
33143,Cubzac-les-Ponts,Mairie of Cubzac.jpg,Randomblue,Public domain,
33144,Cudos,Cudos Mairie.jpg,Henry Salomé,CC BY-SA 3.0,https://creativecommons.org/licenses/by-sa/3.0
33145,Cursan,Cursan Mairie.JPG,William Ellison,CC BY-SA 4.0,https://creativecommons.org/licenses/by-sa/4.0
33146,Cussac-Fort-Médoc,Cussac-Fort-Médoc.jpg,PA,CC BY-SA 4.0,https://creativecommons.org/licenses/by-sa/4.0
33147,Daignac,Daignac Croix de cimetière.JPG,William Ellison,CC BY-SA 3.0,https://creativecommons.org/licenses/by-sa/3.0
33148,Dardenac,Dardenac Mairie.JPG,William Ellison,CC BY-SA 4.0,https://creativecommons.org/licenses/by-sa/4.0
33149,Daubèze,Daubèze Mairie.jpg,Henry Salomé,CC BY-SA 3.0,https://creativecommons.org/licenses/by-sa/3.0
33150,Dieulivol,Dieulivol Mairie.jpg,Henry Salomé,CC BY-SA 3.0,https://creativecommons.org/licenses/by-sa/3.0
33151,Donnezac,Donnezac mairie.JPG,Jack ma,CC BY-SA 3.0,https://creativecommons.org/licenses/by-sa/3.0
33152,Donzac,Donzac 33 Mairie.jpg,Henry Salomé,CC BY-SA 3.0,https://creativecommons.org/licenses/by-sa/3.0
33153,Doulezon,Doulezon Mairie.jpg,Henry Salomé,CC BY-SA 3.0,https://creativecommons.org/licenses/by-sa/3.0
33154,Les Églisottes-et-Chalaures,Maison Eglisottes.jpg,PA,CC BY-SA 3.0,https://creativecommons.org/licenses/by-sa/3.0
33155,Escaudes,Escaudes Mairie.jpg,Henry Salomé,CC BY-SA 3.0,https://creativecommons.org/licenses/by-sa/3.0
33156,Escoussans,Escoussans Mairie.jpg,Henry Salomé,CC BY-SA 3.0,https://creativecommons.org/licenses/by-sa/3.0
33157,Espiet,Gare d'Espiet.jpg,Symac / Sylvain Machefert,CC BY-SA 3.0,https://creativecommons.org/licenses/by-sa/3.0
33158,Les Esseintes,Les Esseintes Mairie.JPG,Henry Salomé,CC BY-SA 3.0,https://creativecommons.org/licenses/by-sa/3.0
33159,Étauliers,Etauliers mairie.JPG,Jack ma,CC BY-SA 3.0,https://creativecommons.org/licenses/by-sa/3.0
33160,Eynesse,Eynesse vue.JPG,Jack ma,CC BY-SA 3.0,https://creativecommons.org/licenses/by-sa/3.0
33161,Eyrans,Eyrans mairie.JPG,Jack ma,CC BY-SA 3.0,https://creativecommons.org/licenses/by-sa/3.0
33162,Eysines,Mairie Eysines 33.JPG,Mspecht,CC BY-SA 3.0,https://creativecommons.org/licenses/by-sa/3.0
33163,Faleyras,Faleyras Mairie.jpg,Henry Salomé,CC BY-SA 3.0,https://creativecommons.org/licenses/by-sa/3.0
33164,Fargues,Fargues 33 Mairie.jpg,Henry Salomé,CC BY-SA 3.0,https://creativecommons.org/licenses/by-sa/3.0
33165,Fargues-Saint-Hilaire,Fargues St Hilaire Château Beauséjour 1.JPG,William Ellison,CC BY-SA 3.0,https://creativecommons.org/licenses/by-sa/3.0
33166,Le Fieu,Lefieu mairie2.JPG,Jack ma,CC BY-SA 3.0,https://creativecommons.org/licenses/by-sa/3.0
33167,Floirac,Floirac-Gironde-mairie-01.jpg,BlueGinkgo,CC BY-SA 3.0,https://creativecommons.org/licenses/by-sa/3.0
33168,Flaujagues,004 Flaujagues ( 33350 ).JPG,Bastien.pierre,CC BY-SA 4.0,https://creativecommons.org/licenses/by-sa/4.0
33169,Floudès,Floudès Mairie.jpg,Henry SALOMÉ,CC BY-SA 4.0,https://creativecommons.org/licenses/by-sa/4.0
33170,Fontet,Fontet Mairie.jpg,Henry SALOMÉ,CC BY-SA 4.0,https://creativecommons.org/licenses/by-sa/4.0
33171,Fossès-et-Baleyssac,Fossès-et-Baleyssac Mairie.jpg,Henry SALOMÉ,CC BY-SA 4.0,https://creativecommons.org/licenses/by-sa/4.0
33172,Fours,Fours33 mairie.JPG,Jack ma,CC BY-SA 3.0,https://creativecommons.org/licenses/by-sa/3.0
33173,Francs,"Chateau de Francs, Le porche.JPG",Chateaudefrancs,CC BY-SA 3.0,https://creativecommons.org/licenses/by-sa/3.0
33174,Fronsac,Fronsac (1).JPG,Père Igor,CC BY-SA 3.0,https://creativecommons.org/licenses/by-sa/3.0
33175,Frontenac,Frontenac 33 Mairie.jpg,Henry Salomé,CC BY-SA 3.0,https://creativecommons.org/licenses/by-sa/3.0
33176,Gabarnac,Gabarnac Mairie.jpg,Henry SALOMÉ,CC BY-SA 4.0,https://creativecommons.org/licenses/by-sa/4.0
33177,Gaillan-en-Médoc,Gaillan mairie.JPG,Jack ma,CC BY-SA 3.0,https://creativecommons.org/licenses/by-sa/3.0
33178,Gajac,Gajac Mairie.jpg,Henry Salomé,CC BY-SA 3.0,https://creativecommons.org/licenses/by-sa/3.0
33179,Galgon,Église Saint-Seurin de Galgon 2012-10-03 12-15-41.jpg,picotche,CC BY-SA 3.0,https://creativecommons.org/licenses/by-sa/3.0
33180,Gans,Gans Mairie.jpg,Henry Salomé,CC BY-SA 4.0,https://creativecommons.org/licenses/by-sa/4.0
33181,Gardegan-et-Tourtirac,Gardegan-et-Tourtirac château de Pitray 3.JPG,William Ellison,CC BY-SA 3.0,https://creativecommons.org/licenses/by-sa/3.0
33182,Gauriac,Gauriac vu du ciel.jpg,The original uploader was Raymond Rodriguez at French Wikipedia.,Attribution,
33183,Gauriaguet,Gauriaguet mairie.JPG,Jack ma,CC BY-SA 3.0,https://creativecommons.org/licenses/by-sa/3.0
33184,Générac,Generac33 eg vue.JPG,Jack ma,CC BY-SA 3.0,https://creativecommons.org/licenses/by-sa/3.0
33185,Génissac,"Chapelle St Nicolas, au port de Génissac.JPG",Gabrieu,CC BY-SA 3.0,https://creativecommons.org/licenses/by-sa/3.0
33186,Gensac,Gensac33 vue1.JPG,Jack ma,CC BY-SA 3.0,https://creativecommons.org/licenses/by-sa/3.0
33187,Gironde-sur-Dropt,Gironde-sur-Dropt Mairie.JPG,Henry Salomé,CC BY-SA 4.0,https://creativecommons.org/licenses/by-sa/4.0
33188,Giscos,Giscos Mairie.jpg,Henry Salomé,CC BY-SA 3.0,https://creativecommons.org/licenses/by-sa/3.0
33189,Gornac,Gornac HdV.JPG,Henry Salomé,CC BY-SA 3.0,https://creativecommons.org/licenses/by-sa/3.0
33190,Goualade,Goualade Mairie.jpg,Henry Salomé,CC BY-SA 3.0,https://creativecommons.org/licenses/by-sa/3.0
33191,Gours,Gours église Saint-Pierre 6.JPG,William Ellison,CC BY-SA 3.0,https://creativecommons.org/licenses/by-sa/3.0
33192,Gradignan,Gradignan-ermitage01.JPG,BlueGinkgo,CC BY-SA 3.0,https://creativecommons.org/licenses/by-sa/3.0
33193,Grayan-et-l'Hôpital,Grayan eg.JPG,Jack ma,CC BY-SA 3.0,https://creativecommons.org/licenses/by-sa/3.0
33194,Grézillac,Grezillac Eglise Notre Dame.JPG,William Ellison,CC BY-SA 3.0,https://creativecommons.org/licenses/by-sa/3.0
33195,Grignols,Grignols 33 Mairie.jpg,Henry Salomé,CC BY-SA 3.0,https://creativecommons.org/licenses/by-sa/3.0
33196,Guillac,Guillac Mairie.JPG,William Ellison,CC BY-SA 4.0,https://creativecommons.org/licenses/by-sa/4.0
33197,Guillos,Guillos Mairie.jpg,Henry Salomé,CC BY-SA 3.0,https://creativecommons.org/licenses/by-sa/3.0
33198,Guîtres,Guîtres (3).JPG,Père Igor,CC BY-SA 3.0,https://creativecommons.org/licenses/by-sa/3.0
33199,Gujan-Mestras,La Hume R01.jpg,Marc Ryckaert,CC BY 3.0,https://creativecommons.org/licenses/by/3.0
33200,Le Haillan,Mairie du Haillan (Gironde).JPG,Mspecht,CC BY-SA 3.0,https://creativecommons.org/licenses/by-sa/3.0
33201,Haux,Haux 33 Mairie.jpg,Henry Salomé,CC BY-SA 4.0,https://creativecommons.org/licenses/by-sa/4.0
33202,Hostens,FR-33-Hostens1.JPG,Szeder László,CC BY-SA 4.0,https://creativecommons.org/licenses/by-sa/4.0
33203,Hourtin,Hourtin-Port Plage.JPG,Rudolf4310,CC BY 3.0,https://creativecommons.org/licenses/by/3.0
33204,Hure,Hure Mairie.jpg,Henry Salomé,CC BY-SA 4.0,https://creativecommons.org/licenses/by-sa/4.0
33205,Illats,Illats Mairie.jpg,Henry Salomé,CC BY-SA 3.0,https://creativecommons.org/licenses/by-sa/3.0
33206,Isle-Saint-Georges,Isle-Saint-Georges (port).jpg,PA,CC BY-SA 3.0,https://creativecommons.org/licenses/by-sa/3.0
33207,Izon,Izon église (1).JPG,Père Igor,CC BY-SA 3.0,https://creativecommons.org/licenses/by-sa/3.0
33208,Jau-Dignac-et-Loirac,Jau Dignac Loirac - Port de Richard Fb.jpg,Pierre Bona,CC BY-SA 3.0,https://creativecommons.org/licenses/by-sa/3.0
33209,Jugazan,Jugazan Mairie.jpg,Henry Salomé,CC BY-SA 3.0,https://creativecommons.org/licenses/by-sa/3.0
33210,Juillac,Juillac33 mairie.JPG,Jack ma,CC BY-SA 3.0,https://creativecommons.org/licenses/by-sa/3.0
33211,Labarde,Église de Labarde.jpg,PA,CC BY-SA 4.0,https://creativecommons.org/licenses/by-sa/4.0
33212,Labescau,Labescau Mairie.jpg,Henry Salomé,CC BY-SA 3.0,https://creativecommons.org/licenses/by-sa/3.0
33213,La Brède,Chateau la brede.jpg,Carole J...,CC BY-SA 3.0,http://creativecommons.org/licenses/by-sa/3.0/
33214,Lacanau,Lacanau-ocean plage 2013(05).JPG,Azotte,CC BY-SA 3.0,https://creativecommons.org/licenses/by-sa/3.0
33215,Ladaux,Ladaux Mairie.jpg,Henry Salomé,CC BY-SA 3.0,https://creativecommons.org/licenses/by-sa/3.0
33216,Lados,Lados Mairie.jpg,Henry Salomé,CC BY-SA 4.0,https://creativecommons.org/licenses/by-sa/4.0
33217,Lafosse,Lafosse église St Sulpice 2.JPG,William Ellison,CC BY-SA 4.0,https://creativecommons.org/licenses/by-sa/4.0
33218,Lagorce,Lagorce33 mairie.JPG,Jack ma,CC BY-SA 3.0,https://creativecommons.org/licenses/by-sa/3.0
33219,La Lande-de-Fronsac,Église Saint-Pierre de Lande-de-Fronsac 2012-09-26 12-07-49.jpg,picotche,CC BY-SA 3.0,https://creativecommons.org/licenses/by-sa/3.0
33220,Lamarque,LMq-Mairie.jpg,PA,CC BY-SA 4.0,https://creativecommons.org/licenses/by-sa/4.0
33221,Lamothe-Landerron,Lamothe-Landerron Mairie.JPG,Henry Salomé,CC BY-SA 3.0,https://creativecommons.org/licenses/by-sa/3.0
33222,Lalande-de-Pomerol,Vigne - Vignes en automne.jpg,Dominique Hessel,CC BY 3.0,https://creativecommons.org/licenses/by/3.0
33223,Landerrouat,Landerrouat Mairie.jpg,Henry Salomé,CC BY-SA 3.0,https://creativecommons.org/licenses/by-sa/3.0
33224,Landerrouet-sur-Ségur,Landerrouet-sur-Ségur Mairie.jpg,Henry Salomé,CC BY-SA 4.0,https://creativecommons.org/licenses/by-sa/4.0
33225,Landiras,Landiras Mairie.jpg,Henry Salomé,CC BY-SA 3.0,https://creativecommons.org/licenses/by-sa/3.0
33226,Langoiran,Langoiran Mairie.jpg,Henry Salomé,CC BY-SA 3.0,https://creativecommons.org/licenses/by-sa/3.0
33227,Langon,Langon 33 Mairie.jpg,Henry Salomé,CC BY-SA 3.0,https://creativecommons.org/licenses/by-sa/3.0
33228,Lansac,Lansac 2.JPG,Tmouchentois,CC BY-SA 3.0,https://creativecommons.org/licenses/by-sa/3.0
33229,Lanton,Eglise de Lanton du XIIe.JPG,Lolo92110,CC BY-SA 4.0,https://creativecommons.org/licenses/by-sa/4.0
33230,Lapouyade,Lapouyade mairie.JPG,Jack ma,CC BY-SA 3.0,https://creativecommons.org/licenses/by-sa/3.0
33231,Laroque,Laroque 33 Mairie.jpg,Henry Salomé,CC BY-SA 3.0,https://creativecommons.org/licenses/by-sa/3.0
33232,Lartigue,Lartigue 33 Mairie.jpg,Henry Salomé,CC BY-SA 3.0,https://creativecommons.org/licenses/by-sa/3.0
33233,Laruscade,Laruscade mairie.JPG,Jack ma,CC BY-SA 3.0,https://creativecommons.org/licenses/by-sa/3.0
33234,Latresne,Latresne mairie 2008.JPG,Langladure,CC BY-SA 3.0,https://creativecommons.org/licenses/by-sa/3.0
33235,Lavazan,Lavazan Mairie.jpg,Henry Salomé,CC BY-SA 3.0,https://creativecommons.org/licenses/by-sa/3.0
33236,Lège-Cap-Ferret,CapFerret.JPG,The original uploader was Larrousiney at French Wikipedia.,CC BY-SA 3.0,http://creativecommons.org/licenses/by-sa/3.0/
33237,Léogeats,Léogeats Mairie.jpg,Henry Salomé,CC BY-SA 4.0,https://creativecommons.org/licenses/by-sa/4.0
33238,Léognan,Léognan01.jpg,BlueGinkgo,CC BY-SA 3.0,https://creativecommons.org/licenses/by-sa/3.0
33239,Lerm-et-Musset,Lerm-et-Musset Mairie.jpg,Henry Salomé,CC BY-SA 3.0,https://creativecommons.org/licenses/by-sa/3.0
33240,Lesparre-Médoc,"Eglise Saint-Trelody, Lesparre.jpg",Michel Reza,CC BY-SA 2.0,https://creativecommons.org/licenses/by-sa/2.0
33241,Lestiac-sur-Garonne,Lestiac-sur-Garonne Mairie.jpg,Henry Salomé,CC BY-SA 3.0,https://creativecommons.org/licenses/by-sa/3.0
33242,Les Lèves-et-Thoumeyragues,"Les Lèves (Gironde, Fr), l'église.JPG",Havang(nl),CC0,http://creativecommons.org/publicdomain/zero/1.0/deed.en
33243,Libourne,Libourne Pont de Pierre.jpg,Marcel Roblin,CC BY-SA 4.0,https://creativecommons.org/licenses/by-sa/4.0
33244,Lignan-de-Bazas,Lignan-de-Bazas Mairie.JPG,Henry Salomé,CC BY-SA 4.0,https://creativecommons.org/licenses/by-sa/4.0
33245,Lignan-de-Bordeaux,"Lignan-de-Bordeaux, l'église.jpg",Symac,CC BY-SA 3.0,https://creativecommons.org/licenses/by-sa/3.0
33246,Ligueux,Ligueux33 vue.JPG,Jack ma,CC BY-SA 3.0,https://creativecommons.org/licenses/by-sa/3.0
33247,Listrac-de-Durèze,Listrac-de-Durèze Mairie.jpg,Henry Salomé,CC BY-SA 3.0,https://creativecommons.org/licenses/by-sa/3.0
33248,Listrac-Médoc,"Listrac-Médoc, Gironde, église Saint Martin bu IMG 1416.jpg",Unozoe,CC BY-SA 3.0,https://creativecommons.org/licenses/by-sa/3.0
33249,Lormont,"Pont d'aquitaine, Lormont.jpg",Christophe Durand,CC BY-SA 2.0,https://creativecommons.org/licenses/by-sa/2.0
33250,Loubens,Loubens 33 Mairie.jpg,Henry Salomé,CC BY-SA 3.0,https://creativecommons.org/licenses/by-sa/3.0
33251,Louchats,Louchats Mairie.jpg,Henry Salomé,CC BY-SA 3.0,https://creativecommons.org/licenses/by-sa/3.0
33252,Loupes,Loupes Mairie.JPG,William Ellison,CC BY-SA 4.0,https://creativecommons.org/licenses/by-sa/4.0
33253,Loupiac,Loupiac 33 Mairie.jpg,Henry Salomé,CC BY-SA 4.0,https://creativecommons.org/licenses/by-sa/4.0
33254,Loupiac-de-la-Réole,Loupiac-de-la-Réole Mairie.jpg,Henry Salomé,CC BY-SA 4.0,https://creativecommons.org/licenses/by-sa/4.0
33255,Lucmau,Lucmau Mairie.jpg,Henry Salomé,CC BY-SA 3.0,https://creativecommons.org/licenses/by-sa/3.0
33256,Ludon-Médoc,Vue Aérienne du Château D'Agassac.jpg,Château D'Agassac,CC BY-SA 3.0,https://creativecommons.org/licenses/by-sa/3.0
33257,Lugaignac,Lugaignac église saint-Martin 2.JPG,William Ellison,CC BY-SA 3.0,https://creativecommons.org/licenses/by-sa/3.0
33258,Lugasson,Lugasson Mairie.jpg,Henry Salomé,CC BY-SA 3.0,https://creativecommons.org/licenses/by-sa/3.0
33259,Lugon-et-l'Île-du-Carnay,"Ancienne église de l'Ile du Carney, dite ""la Vieille Chapelle"".JPG",Gabrieu,CC BY-SA 3.0,https://creativecommons.org/licenses/by-sa/3.0
33260,Lugos,Eglise du vieux lugos - gironde - france.jpg,Erics,CC BY-SA 3.0,https://creativecommons.org/licenses/by-sa/3.0
33261,Lussac,Chateau de Lussac (Lussac-Saint Emilion).jpg,Relaisfrancmayne,CC BY-SA 3.0,https://creativecommons.org/licenses/by-sa/3.0
33262,Macau,Macau - Mairie.jpg,PA,CC BY-SA 4.0,https://creativecommons.org/licenses/by-sa/4.0
33263,Madirac,Madirac nouvelle mairie.JPG,William Ellison,CC BY-SA 4.0,https://creativecommons.org/licenses/by-sa/4.0
33264,Maransin,Maransin33 mairie.JPG,Jack ma,CC BY-SA 3.0,https://creativecommons.org/licenses/by-sa/3.0
33266,Marcenais,09 EGLISE TEMPLIERE MARCENAIS.JPG,Michel Fauré,CC BY 3.0,https://creativecommons.org/licenses/by/3.0
33267,Marcillac,Marcillac33 eg1.JPG,Jack ma,CC BY-SA 3.0,https://creativecommons.org/licenses/by-sa/3.0
33268,Margaux,Margaux (panneau).JPG,Florian Pépellin,CC BY-SA 3.0,https://creativecommons.org/licenses/by-sa/3.0
33268,Margaux-Cantenac,Château Margaux 2014.JPG,Jibi44,CC BY-SA 4.0,https://creativecommons.org/licenses/by-sa/4.0
33269,Margueron,Margueron Mairie.jpg,Henry SALOMÉ,CC BY-SA 4.0,https://creativecommons.org/licenses/by-sa/4.0
33270,Marimbault,Marimbault Mairie.jpg,Henry Salomé,CC BY-SA 3.0,https://creativecommons.org/licenses/by-sa/3.0
33271,Marions,Marions Mairie.jpg,Henry Salomé,CC BY-SA 3.0,https://creativecommons.org/licenses/by-sa/3.0
33272,Marsas,Marsas eg mairie.JPG,Jack ma,CC BY-SA 3.0,https://creativecommons.org/licenses/by-sa/3.0
33273,Martignas-sur-Jalle,Martignas sur Jalle (33).jpg,Mspecht,CC BY-SA 3.0,https://creativecommons.org/licenses/by-sa/3.0
33274,Martillac,Martillac Mairie.jpg,Henry Salomé,CC BY-SA 3.0,https://creativecommons.org/licenses/by-sa/3.0
33275,Martres,Martres 33 Mairie.jpg,Henry Salomé,CC BY-SA 3.0,https://creativecommons.org/licenses/by-sa/3.0
33276,Masseilles,Masseilles Mairie.jpg,Henry Salomé,CC BY-SA 3.0,https://creativecommons.org/licenses/by-sa/3.0
33277,Massugas,Massugas Mairie.jpg,Henry Salomé,CC BY-SA 3.0,https://creativecommons.org/licenses/by-sa/3.0
33278,Mauriac,Mauriac 33 Mairie.jpg,Henry Salomé,CC BY-SA 3.0,https://creativecommons.org/licenses/by-sa/3.0
33279,Mazères,Mazères 33 Mairie.jpg,Henry Salomé,CC BY-SA 3.0,https://creativecommons.org/licenses/by-sa/3.0
33280,Mazion,Mazion mairie.JPG,Jack ma,CC BY-SA 3.0,https://creativecommons.org/licenses/by-sa/3.0
33281,Mérignac,Hôtel de ville de Mérignac (Gironde).JPG,Michael Specht,CC BY-SA 4.0,https://creativecommons.org/licenses/by-sa/4.0
33282,Mérignas,Mérignas Mairie.jpg,Henry Salomé,CC BY-SA 3.0,https://creativecommons.org/licenses/by-sa/3.0
33283,Mesterrieux,Mesterrieux Mairie.jpg,Henry Salomé,CC BY-SA 4.0,https://creativecommons.org/licenses/by-sa/4.0
33284,Mios,Église mios.jpeg,Lucas33380,Public domain,
33285,Mombrier,Eglise Mombrier.jpg,Tmouchentois,CC BY-SA 3.0,https://creativecommons.org/licenses/by-sa/3.0
33286,Monbadon,018 Monbadon ( 33570 ).JPG,Bastien.pierre,CC BY-SA 4.0,https://creativecommons.org/licenses/by-sa/4.0
33287,Mongauzy,Mongauzy Mairie.jpg,Henry SALOMÉ,CC BY-SA 4.0,https://creativecommons.org/licenses/by-sa/4.0
33288,Monprimblanc,Monprimblanc Mairie.jpg,Henry Salomé,CC BY-SA 3.0,https://creativecommons.org/licenses/by-sa/3.0
33289,Monségur,"Monségur (Gironde), arcadenplein.JPG",Havang(nl),CC0,http://creativecommons.org/publicdomain/zero/1.0/deed.en
33290,Montagne,St Emilion Eglise de Montagne.jpg,Palauenc05,CC BY-SA 4.0,https://creativecommons.org/licenses/by-sa/4.0
33291,Montagoudin,Montagoudin Mairie.JPG,Henry Salomé,CC BY-SA 3.0,https://creativecommons.org/licenses/by-sa/3.0
33292,Montignac,Montignac 33 Mairie.jpg,Henry Salomé,CC BY-SA 3.0,https://creativecommons.org/licenses/by-sa/3.0
33293,Montussan,Montussan Mairie.JPG,William Ellison,CC BY-SA 4.0,https://creativecommons.org/licenses/by-sa/4.0
33294,Morizès,Morizès Mairie.jpg,Henry Salomé,CC BY-SA 3.0,https://creativecommons.org/licenses/by-sa/3.0
33295,Mouillac,Mouillac Mairie.JPG,William Ellison,CC BY-SA 4.0,https://creativecommons.org/licenses/by-sa/4.0
33296,Mouliets-et-Villemartin,Mouliets33 villemartin eg1.JPG,Jack ma,CC BY-SA 3.0,https://creativecommons.org/licenses/by-sa/3.0
33297,Moulis-en-Médoc,Moulis Church 33 France.jpg,No machine-readable author provided. PA assumed (based on copyright claims).,Public domain,
33298,Moulon,Moulon Tour de l'Ansouhaite.JPG,William Ellison,CC BY-SA 3.0,https://creativecommons.org/licenses/by-sa/3.0
33299,Mourens,Mourens Mairie.jpg,Henry Salomé,CC BY-SA 3.0,https://creativecommons.org/licenses/by-sa/3.0
33300,Naujac-sur-Mer,Naujac mairie.JPG,Jack ma,CC BY-SA 3.0,https://creativecommons.org/licenses/by-sa/3.0
33301,Naujan-et-Postiac,Naujan-et-Postiac Mairie.jpg,Henry Salomé,CC BY-SA 3.0,https://creativecommons.org/licenses/by-sa/3.0
33302,Néac,Neac mairie.JPG,Jack ma,CC BY-SA 3.0,https://creativecommons.org/licenses/by-sa/3.0
33303,Nérigean,Nérigean Mairie.JPG,William Ellison,CC BY-SA 4.0,https://creativecommons.org/licenses/by-sa/4.0
33304,Neuffons,Neuffons Mairie.jpg,Henry Salomé,CC BY-SA 3.0,https://creativecommons.org/licenses/by-sa/3.0
33305,Le Nizan,Le Nizan Mairie.jpg,Henry Salomé,CC BY-SA 3.0,https://creativecommons.org/licenses/by-sa/3.0
33306,Noaillac,Noaillac Mairie.jpg,Henry Salomé,CC BY-SA 4.0,https://creativecommons.org/licenses/by-sa/4.0
33307,Noaillan,Noaillan Mairie.jpg,Henry Salomé,CC BY-SA 3.0,https://creativecommons.org/licenses/by-sa/3.0
33308,Omet,Omet Mairie.jpg,Henry Salomé,CC BY-SA 3.0,https://creativecommons.org/licenses/by-sa/3.0
33309,Ordonnac,Vue sur Ordonnac.jpg,User:Symac,CC BY-SA 3.0,https://creativecommons.org/licenses/by-sa/3.0
33310,Origne,Origne Mairie.jpg,Henry Salomé,CC BY-SA 3.0,https://creativecommons.org/licenses/by-sa/3.0
33311,Paillet,Paillet Mairie.jpg,Henry Salomé,CC BY-SA 3.0,https://creativecommons.org/licenses/by-sa/3.0
33312,Parempuyre,"Parempuyre - l'église, vue arrière.jpg",Symac,CC BY-SA 3.0,https://creativecommons.org/licenses/by-sa/3.0
33313,Parsac,Parsac Eglise 1.JPG,William Ellison,CC BY-SA 3.0,https://creativecommons.org/licenses/by-sa/3.0
33314,Pauillac,La mairie de Pauillac vue depuis le port de plaisance.jpg,Anthony Baratier,CC BY-SA 4.0,https://creativecommons.org/licenses/by-sa/4.0
33315,Les Peintures,Peintures33 mairie.JPG,Jack ma,CC BY-SA 3.0,https://creativecommons.org/licenses/by-sa/3.0
33316,Pellegrue,Pellegrue Mairie.jpg,Henry Salomé,CC BY-SA 3.0,https://creativecommons.org/licenses/by-sa/3.0
33317,Périssac,Monument de Sidi-Brahim 4.JPG,Tmouchentois,CC BY-SA 3.0,https://creativecommons.org/licenses/by-sa/3.0
33318,Pessac,Mairie de Pessac.jpg,Symac / Sylvain Machefert,CC BY-SA 3.0,https://creativecommons.org/licenses/by-sa/3.0
33319,Pessac-sur-Dordogne,Pessac-sur-Dordogne Mairie.jpg,Henry Salomé,CC BY-SA 4.0,https://creativecommons.org/licenses/by-sa/4.0
33320,Petit-Palais-et-Cornemps,Eglise St. Pierre - Petit-Palais-et-Cornemps.JPG,Ophelia2,CC BY-SA 3.0,https://creativecommons.org/licenses/by-sa/3.0
33321,Peujard,Peujard eg1.JPG,Jack ma,CC BY-SA 3.0,https://creativecommons.org/licenses/by-sa/3.0
33322,Le Pian-Médoc,L'église du Pian Médoc - 1.jpg,User:Symac,CC BY-SA 3.0,https://creativecommons.org/licenses/by-sa/3.0
33323,Le Pian-sur-Garonne,Le Pian-sur-Garonne Mairie.jpg,Henry Salomé,CC BY-SA 3.0,https://creativecommons.org/licenses/by-sa/3.0
33324,Pineuilh,Pineuilh place.JPG,Jack ma,CC BY-SA 3.0,https://creativecommons.org/licenses/by-sa/3.0
33325,Plassac,Plassac (Gironde) port sur la Gironde.JPG,Havang(nl),CC0,http://creativecommons.org/publicdomain/zero/1.0/deed.en
33326,Pleine-Selve,Pleine-Selve (Gironde).JPG,Cobber17,CC BY 3.0,https://creativecommons.org/licenses/by/3.0
33327,Podensac,Podensac Mairie.jpg,Henry Salomé,CC BY-SA 3.0,https://creativecommons.org/licenses/by-sa/3.0
33328,Pomerol,Chateau Petrus wijngaard.jpg,Hullie,Public domain,
33329,Pompéjac,Pompéjac Mairie.jpg,Henry Salomé,CC BY-SA 3.0,https://creativecommons.org/licenses/by-sa/3.0
33330,Pompignac,Pompignac Mairie.JPG,William Ellison,CC BY-SA 4.0,https://creativecommons.org/licenses/by-sa/4.0
33331,Pondaurat,Pondaurat Mairie.jpg,Henry SALOMÉ,CC BY-SA 4.0,https://creativecommons.org/licenses/by-sa/4.0
33332,Porchères,Moulin du Barrage à Porchères en gironde -33 photo1.JPG,Mj.galais,CC BY-SA 3.0,https://creativecommons.org/licenses/by-sa/3.0
33333,Le Porge,Le Porge Mairie.jpg,Henry SALOMÉ,CC BY-SA 4.0,https://creativecommons.org/licenses/by-sa/4.0
33334,Portets,Portets Mairie.jpg,Henry SALOMÉ,CC BY-SA 4.0,https://creativecommons.org/licenses/by-sa/4.0
33335,Le Pout,Le Pout Monument aux morts 02.JPG,William Ellison,CC BY-SA 4.0,https://creativecommons.org/licenses/by-sa/4.0
33336,Préchac,Préchac 33 Mairie.jpg,Henry Salomé,CC BY-SA 3.0,https://creativecommons.org/licenses/by-sa/3.0
33337,Preignac,Preignac Mairie 01.jpg,Henry Salomé,CC BY-SA 3.0,https://creativecommons.org/licenses/by-sa/3.0
33338,Prignac-en-Médoc,Prignac eg1.JPG,Jack ma,CC BY-SA 3.0,https://creativecommons.org/licenses/by-sa/3.0
33339,Prignac-et-Marcamps,"Église de Prignac, tour.JPG",Havang(nl),CC0,http://creativecommons.org/publicdomain/zero/1.0/deed.en
33341,Pugnac,"PUGNAC, monument aux morts.jpg",Walter Soster,CC BY-SA 3.0,https://creativecommons.org/licenses/by-sa/3.0
33342,Puisseguin,012 Monbadon ( 33570 ).JPG,Bastien.pierre,CC BY-SA 4.0,https://creativecommons.org/licenses/by-sa/4.0
33343,Pujols-sur-Ciron,Pujols-sur-Ciron Mairie.jpg,Henry Salomé,CC BY-SA 4.0,https://creativecommons.org/licenses/by-sa/4.0
33344,Pujols,Pujols 33 Château Mairie.jpg,Henry Salomé,CC BY-SA 4.0,https://creativecommons.org/licenses/by-sa/4.0
33345,Le Puy,Le Puy 33 Mairie.jpg,Henry Salomé,CC BY-SA 3.0,https://creativecommons.org/licenses/by-sa/3.0
33346,Puybarban,Puybarban Mairie.jpg,Henry SALOMÉ,CC BY-SA 4.0,https://creativecommons.org/licenses/by-sa/4.0
33347,Puynormand,Puynormand église Saint-Hilaire 6.JPG,William Ellison,CC BY-SA 3.0,https://creativecommons.org/licenses/by-sa/3.0
33348,Queyrac,Queyrac avion.JPG,Maxime800,CC BY-SA 3.0,https://creativecommons.org/licenses/by-sa/3.0
33349,Quinsac,Quinsac Mairie 0.jpg,PA,CC BY-SA 4.0,https://creativecommons.org/licenses/by-sa/4.0
33350,Rauzan,Rauzan Mairie.jpg,Henry Salomé,CC BY-SA 3.0,https://creativecommons.org/licenses/by-sa/3.0
33351,Reignac,Reignac33 rue.JPG,Jack ma,CC BY-SA 3.0,https://creativecommons.org/licenses/by-sa/3.0
33352,La Réole,La Réole Mairie.jpg,Henry SALOMÉ,CC BY-SA 4.0,https://creativecommons.org/licenses/by-sa/4.0
33353,Rimons,Rimons Mairie.jpg,Henry Salomé,CC BY-SA 3.0,https://creativecommons.org/licenses/by-sa/3.0
33354,Riocaud,Riocaud mairie.JPG,Jack ma,CC BY-SA 3.0,https://creativecommons.org/licenses/by-sa/3.0
33355,Rions,Rions Mairie.jpg,Henry Salomé,CC BY-SA 3.0,https://creativecommons.org/licenses/by-sa/3.0
33356,La Rivière,Schloss Château de la Rivière.jpg,Luis Limus,Public domain,
33357,Roaillan,Roaillan Mairie.jpg,Henry Salomé,CC BY-SA 3.0,https://creativecommons.org/licenses/by-sa/3.0
33358,Romagne,Romagne 33 Mairie.jpg,Henry Salomé,CC BY-SA 3.0,https://creativecommons.org/licenses/by-sa/3.0
33359,Roquebrune,Roquebrune 33 Mairie.JPG,Henry Salomé,CC BY-SA 3.0,https://creativecommons.org/licenses/by-sa/3.0
33360,La Roquille,Mairie de La Roquille2.JPG,Darreenvt,CC BY-SA 3.0,https://creativecommons.org/licenses/by-sa/3.0
33361,Ruch,Ruch Mairie.jpg,Henry Salomé,CC BY-SA 3.0,https://creativecommons.org/licenses/by-sa/3.0
33362,Sablons,Sablons33 mairie eg.JPG,Jack ma,CC BY-SA 3.0,https://creativecommons.org/licenses/by-sa/3.0
33363,Sadirac,Ancienne gare de Sadirac.jpg,Symac,CC BY-SA 3.0,https://creativecommons.org/licenses/by-sa/3.0
33364,Saillans,Saillans Château de Carles 4.JPG,William Ellison,CC BY-SA 3.0,https://creativecommons.org/licenses/by-sa/3.0
33365,Saint-Aignan,St Aignan église 1.JPG,William Ellison,CC BY-SA 3.0,https://creativecommons.org/licenses/by-sa/3.0
33366,Saint-André-de-Cubzac,Saint-André-de-Cubzac (Gironde) église 02.JPG,Havang(nl),CC0,http://creativecommons.org/publicdomain/zero/1.0/deed.en
33367,Saint-André-du-Bois,Saint-André-du-Bois Mairie.jpg,Henry Salomé,CC BY-SA 3.0,https://creativecommons.org/licenses/by-sa/3.0
33368,Saint-André-du-Garn,Mongauzy Église St André-du-Garn 01.JPG,Henry Salomé,CC BY-SA 4.0,https://creativecommons.org/licenses/by-sa/4.0
33369,Saint-André-et-Appelles,Standreappelles mairie.JPG,Jack ma,CC BY-SA 3.0,https://creativecommons.org/licenses/by-sa/3.0
33370,Saint-Androny,Saint-Androny (Gironde) mairie.JPG,Havang(nl),CC0,http://creativecommons.org/publicdomain/zero/1.0/deed.en
33371,Saint-Antoine,Eglise de Saint Antoine 1.jpg,Xabi Rome-Hérault,CC BY 3.0,https://creativecommons.org/licenses/by/3.0
33372,Saint-Antoine-du-Queyret,Saint-Antoine-du-Queyret Mairie.jpg,Henry Salomé,CC BY-SA 3.0,https://creativecommons.org/licenses/by-sa/3.0
33373,Saint-Antoine-sur-l'Isle,Stantoineisle mairie.JPG,Jack ma,CC BY-SA 3.0,https://creativecommons.org/licenses/by-sa/3.0
33374,Saint-Aubin-de-Blaye,Staubinblaye rue.JPG,Jack ma,CC BY-SA 3.0,https://creativecommons.org/licenses/by-sa/3.0
33375,Saint-Aubin-de-Branne,Église-de-Saint-Aubin-de-Branne XPommeret.jpg,Xavier Pommeret,CC BY-SA 3.0,https://creativecommons.org/licenses/by-sa/3.0
33376,Saint-Aubin-de-Médoc,St Aubin de Medoc Eglise.jpg,Flandy46,CC BY-SA 4.0,https://creativecommons.org/licenses/by-sa/4.0
33377,Saint-Avit-de-Soulège,Stavitsoulege eg1.JPG,Jack ma,CC BY-SA 3.0,https://creativecommons.org/licenses/by-sa/3.0
33378,Saint-Avit-Saint-Nazaire,Saint-Avit-Saint-Nazaire temple Briands.JPG,Père Igor,CC BY-SA 3.0,https://creativecommons.org/licenses/by-sa/3.0
33379,Saint-Brice,Saint-Brice Mairie.jpg,Henry Salomé,CC BY-SA 3.0,https://creativecommons.org/licenses/by-sa/3.0
33380,Saint-Caprais-de-Blaye,Stcapraisblaye mairie.JPG,Jack ma,CC BY-SA 3.0,https://creativecommons.org/licenses/by-sa/3.0
33380,Val-de-Livenne,Stcapraisblaye mairie.JPG,Jack ma,CC BY-SA 3.0,https://creativecommons.org/licenses/by-sa/3.0
33381,Saint-Caprais-de-Bordeaux,St Caprais Eglise 2.JPG,William Ellison,CC BY-SA 3.0,https://creativecommons.org/licenses/by-sa/3.0
33382,Saint-Christoly-de-Blaye,Stchristolyblaye vue1.JPG,Jack ma,CC BY-SA 3.0,https://creativecommons.org/licenses/by-sa/3.0
33383,Saint-Christoly-Médoc,Mairie Saint-Christoly-Médoc.JPG,User:Erdrokan,CC BY-SA 3.0,https://creativecommons.org/licenses/by-sa/3.0
33384,Saint-Christophe-des-Bardes,"View of Saint-Christophe-des-Bardes from Château Brun, Saint-Émilion, 2004.jpg",DimiTalen,CC0,http://creativecommons.org/publicdomain/zero/1.0/deed.en
33385,Saint-Christophe-de-Double,Stchrisdouble street.JPG,Jack ma,CC BY-SA 3.0,https://creativecommons.org/licenses/by-sa/3.0
33386,Saint-Cibard,Stcibard33 vue2.JPG,Jack ma,CC BY-SA 3.0,https://creativecommons.org/licenses/by-sa/3.0
33387,Saint-Ciers-d'Abzac,Stciersabzac mairie.JPG,Jack ma,CC BY-SA 3.0,https://creativecommons.org/licenses/by-sa/3.0
33388,Saint-Ciers-de-Canesse,Stcierscanesse vue1.JPG,Jack ma,CC BY-SA 3.0,https://creativecommons.org/licenses/by-sa/3.0
33389,Saint-Ciers-sur-Gironde,Saint-Ciers-sur-Gironde.jpg,Cobber17,CC BY 3.0,https://creativecommons.org/licenses/by/3.0
33390,Sainte-Colombe,Ste Colombe église 3.JPG,William Ellison,CC BY-SA 4.0,https://creativecommons.org/licenses/by-sa/4.0
33391,Saint-Côme,Saint-Côme 33 Mairie.jpg,Henry Salomé,CC BY-SA 3.0,https://creativecommons.org/licenses/by-sa/3.0
33392,Sainte-Croix-du-Mont,Ste Croix-du-Mont Château01.jpg,Henry SALOMÉ,CC BY-SA 4.0,https://creativecommons.org/licenses/by-sa/4.0
33393,Saint-Denis-de-Pile,SaintDenisDePileEglise.jpg,No machine-readable author provided. Michel BUZE assumed (based on copyright claims).,CC BY-SA 3.0,http://creativecommons.org/licenses/by-sa/3.0/
33394,Saint-Émilion,Panorama de Saint Emilion De la tour du roi 2 - Gironde.jpg,Didier Descouens,CC BY-SA 4.0,https://creativecommons.org/licenses/by-sa/4.0
33395,Saint-Estèphe,Stestephe33 vue.JPG,Jack ma,CC BY-SA 3.0,https://creativecommons.org/licenses/by-sa/3.0
33396,Saint-Étienne-de-Lisse,023 St Etienne de Lisse ( 33330 ).JPG,Bastien.pierre,CC BY-SA 4.0,https://creativecommons.org/licenses/by-sa/4.0
33397,Sainte-Eulalie,Eglise-sainte-eulalie.jpg,Original uploader was Vincent-B at fr.wikipedia,CC BY-SA 3.0,http://creativecommons.org/licenses/by-sa/3.0/
33398,Saint-Exupéry,Saint-Exupéry 33 Mairie.jpg,Henry Salomé,CC BY-SA 3.0,https://creativecommons.org/licenses/by-sa/3.0
33399,Saint-Félix-de-Foncaude,Mairie de Saint-Félix-de-Foncaude.jpg,Symac / Sylvain Machefert,CC BY-SA 3.0,https://creativecommons.org/licenses/by-sa/3.0
33400,Saint-Ferme,Saint-Ferme Mairie.jpg,Henry Salomé,CC BY-SA 3.0,https://creativecommons.org/licenses/by-sa/3.0
33401,Sainte-Florence,Ste Florence église 3.JPG,William Ellison,CC BY-SA 4.0,https://creativecommons.org/licenses/by-sa/4.0
33402,Sainte-Foy-la-Grande,"Rue Alphonse-de-Poitiers, Sainte-Foy-la-Grande, Gironde 1.jpg",Thank you to indicate this credit line next to the image in case of reuse: Credit: Polymagou - CC BY-SA I'd appreciate if you could send a message on my user talk page if you use this picture out of the Wikimedia project scope .,CC BY-SA 4.0,https://creativecommons.org/licenses/by-sa/4.0
33403,Sainte-Foy-la-Longue,Sainte-Foy-la-Longue Mairie.jpg,Henry Salomé,CC BY-SA 3.0,https://creativecommons.org/licenses/by-sa/3.0
33404,Sainte-Gemme,Sainte-Gemme 33 Mairie.JPG,Henry Salomé,CC BY-SA 3.0,https://creativecommons.org/licenses/by-sa/3.0
33405,Saint-Genès-de-Blaye,Saint-Genès-de-Blaye (Gironde) mairie.JPG,Havang(nl),CC0,http://creativecommons.org/publicdomain/zero/1.0/deed.en
33406,Saint-Genès-de-Castillon,02 St Genes de Castillon ( 33350 ).JPG,Bastien.pierre,CC BY-SA 4.0,https://creativecommons.org/licenses/by-sa/4.0
33407,Saint-Genès-de-Fronsac,Saint-Genès-de-Fronsac Mairie.JPG,William Ellison,CC BY-SA 4.0,https://creativecommons.org/licenses/by-sa/4.0
33408,Saint-Genès-de-Lombaud,St Genès de Lombaud Eglise 1.JPG,William Ellison,CC BY-SA 3.0,https://creativecommons.org/licenses/by-sa/3.0
33409,Saint-Genis-du-Bois,Saint-Genis-du-Bois Mairie.jpg,Henry Salomé,CC BY-SA 3.0,https://creativecommons.org/licenses/by-sa/3.0
33410,Saint-Georges,Montagne Eglise St Georges 1.JPG,William Ellison,CC BY-SA 3.0,https://creativecommons.org/licenses/by-sa/3.0
33411,Saint-Germain-de-Grave,Saint-Germain-de-Grave Mairie.jpg,Henry Salomé,CC BY-SA 3.0,https://creativecommons.org/licenses/by-sa/3.0
33412,Saint-Germain-d'Esteuil,Stgermesteuil vue.JPG,Jack ma,CC BY-SA 3.0,https://creativecommons.org/licenses/by-sa/3.0
33413,Saint-Germain-du-Puch,Saint-Germain-du-Puch Mairie.JPG,William Ellison,CC BY-SA 4.0,https://creativecommons.org/licenses/by-sa/4.0
33414,Saint-Germain-de-la-Rivière,St Germain de la Rivière Croix 11.JPG,William Ellison,CC BY-SA 3.0,https://creativecommons.org/licenses/by-sa/3.0
33415,Saint-Gervais,Saint Gervais 1.jpg,Tmouchentois,CC BY-SA 3.0,https://creativecommons.org/licenses/by-sa/3.0
33416,Saint-Girons-d'Aiguevives,Stgironsaig eg vue.JPG,Jack ma,CC BY-SA 3.0,https://creativecommons.org/licenses/by-sa/3.0
33417,Sainte-Hélène,Mairie Ste Hélène3.JPG,Erdrokan,CC BY-SA 3.0,https://creativecommons.org/licenses/by-sa/3.0
33418,Saint-Hilaire-de-la-Noaille,Saint-Hilaire-de-la-Noaille Mairie.JPG,Henry Salomé,CC BY-SA 3.0,https://creativecommons.org/licenses/by-sa/3.0
33419,Saint-Hilaire-du-Bois,Saint-Hilaire-du-Bois 33 Mairie.jpg,Henry Salomé,CC BY-SA 3.0,https://creativecommons.org/licenses/by-sa/3.0
33420,Saint-Hippolyte,Saint-Hippolyte (Gironde) Mairie.JPG,William Ellison,CC BY-SA 4.0,https://creativecommons.org/licenses/by-sa/4.0
33421,Saint-Jean-de-Blaignac,St-Jean-de-Blaignac Entrée mairie 2012.jpg,JLPC,CC BY-SA 3.0,https://creativecommons.org/licenses/by-sa/3.0
33422,Saint-Jean-d'Illac,Église Saint Jean d'Illac.JPG,Prométhée33,CC BY-SA 3.0,https://creativecommons.org/licenses/by-sa/3.0
33423,Saint-Julien-Beychevelle,Église de Saint-Julien-Beychevelle.jpg,User:Symac,CC BY-SA 3.0,https://creativecommons.org/licenses/by-sa/3.0
33424,Saint-Laurent-Médoc,Saint-Laurent - mairie.jpg,PA,CC BY-SA 4.0,https://creativecommons.org/licenses/by-sa/4.0
33425,Saint-Laurent-d'Arce,Saint Laurent 4.jpg,Tmouchentois,CC BY-SA 3.0,https://creativecommons.org/licenses/by-sa/3.0
33426,Saint-Laurent-des-Combes,028 St Laurent-des-Combes ( 33330 ).JPG,Bastien.pierre,CC BY-SA 4.0,https://creativecommons.org/licenses/by-sa/4.0
33427,Saint-Laurent-du-Bois,Saint-Laurent-du-Bois Mairie.jpg,Henry Salomé,CC BY-SA 3.0,https://creativecommons.org/licenses/by-sa/3.0
33428,Saint-Laurent-du-Plan,Saint-Laurent-du-Plan Mairie.jpg,Henry Salomé,CC BY-SA 3.0,https://creativecommons.org/licenses/by-sa/3.0
33429,Saint-Léger-de-Balson,Saint-Léger-de-Balson Mairie.jpg,Henry SALOMÉ,CC BY-SA 4.0,https://creativecommons.org/licenses/by-sa/4.0
33431,Saint-Léon,Saint-Léon Mairie.JPG,William Ellison,CC BY-SA 4.0,https://creativecommons.org/licenses/by-sa/4.0
33432,Saint-Loubert,Saint-Loubert Mairie.JPG,Henry Salomé,CC BY-SA 3.0,https://creativecommons.org/licenses/by-sa/3.0
33433,Saint-Loubès,St Loubès Chapelle St Loup 1.JPG,William Ellison,CC BY-SA 3.0,https://creativecommons.org/licenses/by-sa/3.0
33434,Saint-Louis-de-Montferrand,Saint-Louis-de-Montferrand Mairie.JPG,Henry Salomé,CC BY-SA 3.0,https://creativecommons.org/licenses/by-sa/3.0
33435,Saint-Macaire,Saint-Macaire 33 Mairie.JPG,Henry Salomé,CC BY-SA 4.0,https://creativecommons.org/licenses/by-sa/4.0
33436,Saint-Magne,Saint-Magne Mairie.jpg,Henry Salomé,CC BY-SA 3.0,https://creativecommons.org/licenses/by-sa/3.0
33437,Saint-Magne-de-Castillon,St Magne église 1.JPG,William Ellison,CC BY-SA 4.0,https://creativecommons.org/licenses/by-sa/4.0
33438,Saint-Maixant,St Maixant 33 Mairie.jpg,Henry SALOMÉ,CC BY-SA 4.0,https://creativecommons.org/licenses/by-sa/4.0
33439,Saint-Mariens,Stmariens mairie.JPG,Jack ma,CC BY-SA 3.0,https://creativecommons.org/licenses/by-sa/3.0
33440,Saint-Martial,Saint-Martial 33 Mairie.jpg,Henry Salomé,CC BY-SA 3.0,https://creativecommons.org/licenses/by-sa/3.0
33441,Saint-Martin-Lacaussade,"Saint-Martin-Lacaussade (Gironde) église, extérieur.JPG",Havang(nl),CC0,http://creativecommons.org/publicdomain/zero/1.0/deed.en
33442,Saint-Martin-de-Laye,St Martin de Laye 6.JPG,William Ellison,CC BY-SA 3.0,https://creativecommons.org/licenses/by-sa/3.0
33443,Saint-Martin-de-Lerm,Saint-Martin-de-Lerm Mairie.jpg,Henry Salomé,CC BY-SA 4.0,https://creativecommons.org/licenses/by-sa/4.0
33444,Saint-Martin-de-Sescas,Saint-Martin-de-Sescas Mairie.jpg,Henry SALOMÉ,CC BY-SA 4.0,https://creativecommons.org/licenses/by-sa/4.0
33445,Saint-Martin-du-Bois,Stmartinbois33 mairie eg.JPG,Jack ma,CC BY-SA 3.0,https://creativecommons.org/licenses/by-sa/3.0
33446,Saint-Martin-du-Puy,Saint-Martin-du-Puy 33 Mairie.jpg,Henry Salomé,CC BY-SA 3.0,https://creativecommons.org/licenses/by-sa/3.0
33447,Saint-Médard-de-Guizières,Eglise de Saint-Médard-de-Guizières - fokuso.jpg,User:MairieSMDG (Maire de la commune de Saint-Médard-de-Guizières),CC BY-SA 4.0,https://creativecommons.org/licenses/by-sa/4.0
33448,Saint-Médard-d'Eyrans,Mairie saint medard d eyrans.jpg,elfabriciodelamancha,CC BY-SA 2.5,https://creativecommons.org/licenses/by-sa/2.5
33449,Saint-Médard-en-Jalles,SMJ-Mairie.jpg,PA,CC BY-SA 4.0,https://creativecommons.org/licenses/by-sa/4.0
33450,Saint-Michel-de-Castelnau,Saint-Michel-de-Castelnau Mairie.jpg,Henry Salomé,CC BY-SA 3.0,https://creativecommons.org/licenses/by-sa/3.0
33451,Saint-Michel-de-Fronsac,Vue du bourg de Saint-Michel de Fronsac depuis les vignes.jpg,Michael bx,CC BY-SA 3.0,https://creativecommons.org/licenses/by-sa/3.0
33452,Saint-Michel-de-Rieufret,Saint-Michel-de-Rieufret Mairie.jpg,Henry Salomé,CC BY-SA 3.0,https://creativecommons.org/licenses/by-sa/3.0
33453,Saint-Michel-de-Lapujade,Mairie de St Michel de Lapujade.jpg,Philippe Boissonneau,CC BY-SA 3.0,https://creativecommons.org/licenses/by-sa/3.0
33454,Saint-Morillon,StMorillon.jpg,PA,CC BY-SA 3.0,https://creativecommons.org/licenses/by-sa/3.0
33456,Saint-Palais,Stpalais33 eg1.JPG,Jack ma,CC BY-SA 3.0,https://creativecommons.org/licenses/by-sa/3.0
33457,Saint-Pardon-de-Conques,Saint-Pardon-de-Conques Mairie.JPG,Henry Salomé,CC BY-SA 3.0,https://creativecommons.org/licenses/by-sa/3.0
33458,Saint-Paul,Saint-Paul (Gironde).JPG,Paternel 1,CC BY-SA 4.0,https://creativecommons.org/licenses/by-sa/4.0
33459,Saint-Pey-d'Armens,St Pey d'Armens église St Pierre 1.JPG,William Ellison,CC BY-SA 4.0,https://creativecommons.org/licenses/by-sa/4.0
33460,Saint-Pey-de-Castets,St Pey de Castets église 1.JPG,William Ellison,CC BY-SA 4.0,https://creativecommons.org/licenses/by-sa/4.0
33461,Saint-Philippe-d'Aiguilhe,St Philippe d'Aiguille église 1.JPG,William Ellison,CC BY-SA 4.0,https://creativecommons.org/licenses/by-sa/4.0
33462,Saint-Philippe-du-Seignal,Stphilseignal mairie.JPG,Jack ma,CC BY-SA 3.0,https://creativecommons.org/licenses/by-sa/3.0
33463,Saint-Pierre-d'Aurillac,Saint-Pierre-d'Aurillac Mairie.jpg,Henry SALOMÉ,CC BY-SA 4.0,https://creativecommons.org/licenses/by-sa/4.0
33464,Saint-Pierre-de-Bat,Saint-Pierre-de-Bat Mairie.jpg,Henry Salomé,CC BY-SA 3.0,https://creativecommons.org/licenses/by-sa/3.0
33465,Saint-Pierre-de-Mons,Saint-Pierre-de-Mons Mairie.jpg,Henry SALOMÉ,CC BY-SA 4.0,https://creativecommons.org/licenses/by-sa/4.0
33466,Saint-Quentin-de-Baron,Saint-Quentin-de-Baron Mairie.JPG,William Ellison,CC BY-SA 4.0,https://creativecommons.org/licenses/by-sa/4.0
33467,Saint-Quentin-de-Caplong,Stquentcaplong vue.JPG,Jack ma,CC BY-SA 3.0,https://creativecommons.org/licenses/by-sa/3.0
33468,Sainte-Radegonde,Mairie de Sainte-Radegonde (Gironde).JPG,Ffez52,CC BY-SA 3.0,https://creativecommons.org/licenses/by-sa/3.0
33469,Saint-Romain-de-Vignague,Saint-Romain-de-Vignagne Église 02.jpg,Henry Salomé,CC BY-SA 3.0,https://creativecommons.org/licenses/by-sa/3.0
33470,Saint-Romain-la-Virvée,Eglise de Saint Romain La Virvee.jpg,Frédéric Esplandiu,CC BY-SA 3.0,https://creativecommons.org/licenses/by-sa/3.0
33471,Saint-Sauveur,StSauveur-Mairie.jpg,PA,CC BY-SA 4.0,https://creativecommons.org/licenses/by-sa/4.0
33472,Saint-Sauveur-de-Puynormand,Stsauveurpuyn mairie.JPG,Jack ma,CC BY-SA 3.0,https://creativecommons.org/licenses/by-sa/3.0
33473,Saint-Savin,Stsavin mairie.JPG,Jack ma,CC BY-SA 3.0,https://creativecommons.org/licenses/by-sa/3.0
33474,Saint-Selve,Saint-Selve Mairie.jpg,Henry Salomé,CC BY-SA 3.0,https://creativecommons.org/licenses/by-sa/3.0
33475,Saint-Seurin-de-Bourg,Saint-Seurin-de-Bourg.JPG,Xfigpower,CC BY-SA 3.0,https://creativecommons.org/licenses/by-sa/3.0
33476,Saint-Seurin-de-Cadourne,Stseurincadourne mairie.JPG,Jack ma,CC BY-SA 3.0,https://creativecommons.org/licenses/by-sa/3.0
33477,Saint-Seurin-de-Cursac,Stseurincursac mairie.JPG,Jack ma,CC BY-SA 3.0,https://creativecommons.org/licenses/by-sa/3.0
33478,Saint-Seurin-sur-l'Isle,Stseurinisle mairie.JPG,Jack ma,CC BY-SA 3.0,https://creativecommons.org/licenses/by-sa/3.0
33479,Saint-Sève,Saint-Sève Mairie.jpg,Henry Salomé,CC BY-SA 3.0,https://creativecommons.org/licenses/by-sa/3.0
33480,Saint-Sulpice-de-Faleyrens,Menhir de Pierrefitte.JPG,Raptor-kev,CC BY-SA 3.0,https://creativecommons.org/licenses/by-sa/3.0
33481,Saint-Sulpice-de-Guilleragues,Saint-Sulpice-de-Guilleragues Mairie.JPG,Henry Salomé,CC BY-SA 3.0,https://creativecommons.org/licenses/by-sa/3.0
33482,Saint-Sulpice-de-Pommiers,Mairie de Saint-Sulpice-de-Pommiers.jpg,Symac / Sylvain Machefert,CC BY-SA 3.0,https://creativecommons.org/licenses/by-sa/3.0
33483,Saint-Sulpice-et-Cameyrac,Eglise de Saint Sulpice 2.JPG,William Ellison,CC BY-SA 3.0,https://creativecommons.org/licenses/by-sa/3.0
33484,Saint-Symphorien,FR-33-Saint-Symphorien1.JPG,Szeder László,CC BY-SA 4.0,https://creativecommons.org/licenses/by-sa/4.0
33485,Sainte-Terre,Sainte-Terre.jpg,NicuS PokuS,CC BY-SA 3.0,https://creativecommons.org/licenses/by-sa/3.0
33486,Saint-Trojan,Sttrojan33 mairie.JPG,Jack ma,CC BY-SA 3.0,https://creativecommons.org/licenses/by-sa/3.0
33487,Saint-Vincent-de-Paul,Saint-Vincent-de-Paul 33 Mairie.JPG,Henry Salomé,CC BY-SA 3.0,https://creativecommons.org/licenses/by-sa/3.0
33488,Saint-Vincent-de-Pertignas,Eglise-St-Vincent01.JPG,Fboulanger65,CC BY-SA 3.0,https://creativecommons.org/licenses/by-sa/3.0
33489,Saint-Vivien-de-Blaye,Stvivienblaye eg etang.JPG,Jack ma,CC BY-SA 3.0,https://creativecommons.org/licenses/by-sa/3.0
33490,Saint-Vivien-de-Médoc,Saint-Vivien-de-Médoc Mairie.jpg,René Hourdry,CC BY-SA 4.0,https://creativecommons.org/licenses/by-sa/4.0
33491,Saint-Vivien-de-Monségur,Saint-Vivien-de-Monségur Mairie.jpg,Henry Salomé,CC BY-SA 4.0,https://creativecommons.org/licenses/by-sa/4.0
33492,Saint-Yzan-de-Soudiac,Styzansoudiac mairie.JPG,Jack ma,CC BY-SA 3.0,https://creativecommons.org/licenses/by-sa/3.0
33493,Saint-Yzans-de-Médoc,Mairie Saint-Yzans de Médoc-1.JPG,User:Erdrokan,CC BY-SA 3.0,https://creativecommons.org/licenses/by-sa/3.0
33494,Salaunes,Salaunes Mairie 2015.jpg,PA,CC BY-SA 4.0,https://creativecommons.org/licenses/by-sa/4.0
33495,Salignac,Salignac33 vue.JPG,Jack ma,CC BY-SA 3.0,https://creativecommons.org/licenses/by-sa/3.0
33496,Sallebœuf,Salleboeuf Mairie.JPG,William Ellison,CC BY-SA 4.0,https://creativecommons.org/licenses/by-sa/4.0
33498,Salles,"Église Saint-Pierre (Salles, Gironde)jpg.jpg",Bertrand DARRACQ,CC BY-SA 3.0,http://creativecommons.org/licenses/by-sa/3.0/
33499,Les Salles-de-Castillon,Salles de Castillon église St Pierre 1.JPG,William Ellison,CC BY-SA 4.0,https://creativecommons.org/licenses/by-sa/4.0
33500,Samonac,Samonac Monument aux morts.jpg,Tmouchentois,CC BY-SA 3.0,https://creativecommons.org/licenses/by-sa/3.0
33501,Saucats,Saucats Mairie.jpg,Henry Salomé,CC BY-SA 3.0,https://creativecommons.org/licenses/by-sa/3.0
33502,Saugon,Saugon mairie.JPG,Jack ma,CC BY-SA 3.0,https://creativecommons.org/licenses/by-sa/3.0
33503,Saumos,Saumos - Mairie.jpg,PA,CC BY-SA 4.0,https://creativecommons.org/licenses/by-sa/4.0
33504,Sauternes,Sauternes Mairie.jpg,Henry Salomé,CC BY-SA 4.0,https://creativecommons.org/licenses/by-sa/4.0
33505,La Sauve,La Sauve Majeure12 Village est..jpg,JLPC,CC BY-SA 3.0,https://creativecommons.org/licenses/by-sa/3.0
33506,Sauveterre-de-Guyenne,Sauveterreg eg1.JPG,Jack ma,CC BY-SA 3.0,https://creativecommons.org/licenses/by-sa/3.0
33507,Sauviac,Sauviac 33 Mairie.jpg,Henry Salomé,CC BY-SA 3.0,https://creativecommons.org/licenses/by-sa/3.0
33508,Savignac,Savignac Mairie.jpg,Henry SALOMÉ,CC BY-SA 4.0,https://creativecommons.org/licenses/by-sa/4.0
33509,Savignac-de-l'Isle,Savignacisle castle.JPG,Jack ma,CC BY-SA 3.0,https://creativecommons.org/licenses/by-sa/3.0
33510,Semens,Semens Mairie.jpg,Henry Salomé,CC BY-SA 3.0,https://creativecommons.org/licenses/by-sa/3.0
33511,Sendets,Sendets 33 Mairie.jpg,Henry Salomé,CC BY-SA 3.0,https://creativecommons.org/licenses/by-sa/3.0
33512,Sigalens,Sigalens Mairie.jpg,Henry Salomé,CC BY-SA 4.0,https://creativecommons.org/licenses/by-sa/4.0
33513,Sillas,Sillas Mairie.jpg,Henry Salomé,CC BY-SA 3.0,https://creativecommons.org/licenses/by-sa/3.0
33514,Soulac-sur-Mer,Soulac.jpg,Anthony Baratier,CC BY-SA 4.0,https://creativecommons.org/licenses/by-sa/4.0
33515,Soulignac,Soulignac.jpg,Alagaram,CC BY-SA 3.0,https://creativecommons.org/licenses/by-sa/3.0
33516,Soussac,Soussac Mairie.jpg,Henry Salomé,CC BY-SA 3.0,https://creativecommons.org/licenses/by-sa/3.0
33517,Soussans,Soussans Church.jpg,PA,CC BY-SA 3.0,https://creativecommons.org/licenses/by-sa/3.0
33518,Tabanac,Tabanac Mairie.jpg,Henry Salomé,CC BY-SA 3.0,https://creativecommons.org/licenses/by-sa/3.0
33519,Le Taillan-Médoc,Facade proche.jpg,Chateaudutaillan,CC BY-SA 3.0,https://creativecommons.org/licenses/by-sa/3.0
33520,Taillecavat,Taillecavat Infobox.jpg,Touit,CC BY-SA 3.0,https://creativecommons.org/licenses/by-sa/3.0
33521,Talais,Talais eg.JPG,Jack ma,CC BY-SA 3.0,https://creativecommons.org/licenses/by-sa/3.0
33522,Talence,Eglise de Talence.jpg,SM63,CC BY-SA 3.0,https://creativecommons.org/licenses/by-sa/3.0
33523,Targon,Targon Mairie 01.jpg,Henry Salomé,CC BY-SA 3.0,https://creativecommons.org/licenses/by-sa/3.0
33524,Tarnès,Tarnes vue.JPG,Jack ma,CC BY-SA 3.0,https://creativecommons.org/licenses/by-sa/3.0
33525,Tauriac,Tauriac 1.jpg,Tmouchentois,CC BY-SA 3.0,https://creativecommons.org/licenses/by-sa/3.0
33526,Tayac,Tayac -33- Eglise Notre-Dame photo n°102.JPG,Mj.galais,CC BY-SA 4.0,https://creativecommons.org/licenses/by-sa/4.0
33527,Le Teich,Le Teich Église Saint-André 03.jpg,Gitouche,CC BY-SA 4.0,https://creativecommons.org/licenses/by-sa/4.0
33528,Le Temple,LT-Mairie.jpg,PA,CC BY-SA 4.0,https://creativecommons.org/licenses/by-sa/4.0
33529,La Teste-de-Buch,Arcachon SPOT 1036.jpg,Cnes - Spot Image,CC BY-SA 3.0,https://creativecommons.org/licenses/by-sa/3.0
33530,Teuillac,Teuillac vue.JPG,Jack ma,CC BY-SA 3.0,https://creativecommons.org/licenses/by-sa/3.0
33531,Tizac-de-Curton,Tizac-de-Curton Mairie.JPG,William Ellison,CC BY-SA 4.0,https://creativecommons.org/licenses/by-sa/4.0
33532,Tizac-de-Lapouyade,École communale de Tizac-de-Lapouyade.jpg,François33620,CC BY-SA 3.0,https://creativecommons.org/licenses/by-sa/3.0
33533,Toulenne,Toulenne Mairie.JPG,Henry Salomé,CC BY-SA 3.0,https://creativecommons.org/licenses/by-sa/3.0
33534,Le Tourne,Le Tourne Mairie.jpg,Henry Salomé,CC BY-SA 3.0,https://creativecommons.org/licenses/by-sa/3.0
33535,Tresses,Chateau la seguinie.JPG,Delbarre Cédric,Public domain,
33536,Le Tuzan,Le Tuzan Mairie.JPG,Henry Salomé,CC BY-SA 4.0,https://creativecommons.org/licenses/by-sa/4.0
33537,Uzeste,Uzeste Mairie.jpg,Henry Salomé,CC BY-SA 3.0,https://creativecommons.org/licenses/by-sa/3.0
33538,Valeyrac,Valeyrac.jpg,Pierre Bona,CC BY-SA 3.0,https://creativecommons.org/licenses/by-sa/3.0
33539,Vayres,Vayres église.JPG,Père Igor,CC BY-SA 3.0,https://creativecommons.org/licenses/by-sa/3.0
33540,Vendays-Montalivet,MontalivetFromAir.jpg,The original uploader was Larrousiney at French Wikipedia.,CC BY-SA 3.0,http://creativecommons.org/licenses/by-sa/3.0/
33541,Vensac,Vensac mairie monu.JPG,Jack ma,CC BY-SA 3.0,https://creativecommons.org/licenses/by-sa/3.0
33542,Vérac,Verac vue2.JPG,Jack ma,CC BY-SA 3.0,https://creativecommons.org/licenses/by-sa/3.0
33543,Verdelais,Verdelais-lamairie01.jpg,BlueGinkgo,CC BY-SA 3.0,https://creativecommons.org/licenses/by-sa/3.0
33544,Le Verdon-sur-Mer,Vue aérienne du Verdon-sur-Mer.jpg,Nicoleon,CC BY-SA 4.0,https://creativecommons.org/licenses/by-sa/4.0
33545,Vertheuil,Mairie 2- Vertheuil.JPG,User:Erdrokan,CC BY-SA 3.0,https://creativecommons.org/licenses/by-sa/3.0
33546,Vignonet,006 Vignonet ( 33330 ).JPG,Bastien.pierre,CC BY-SA 4.0,https://creativecommons.org/licenses/by-sa/4.0
33547,Villandraut,Villandraut Mairie 2019.jpg,Gitouche,CC BY-SA 4.0,https://creativecommons.org/licenses/by-sa/4.0
33548,Villegouge,Villegouge église St Pierre 1.JPG,William Ellison,CC BY-SA 3.0,https://creativecommons.org/licenses/by-sa/3.0
33549,Villenave-de-Rions,Villenave-de-Rions Mairie.jpg,Henry Salomé,CC BY-SA 4.0,https://creativecommons.org/licenses/by-sa/4.0
33550,Villenave-d'Ornon,Église Saint-Martin de Villenave-d'Ornon vue rue.JPG,Hugon Christophe,CC BY-SA 3.0,https://creativecommons.org/licenses/by-sa/3.0
33551,Villeneuve,Villeneuve (Gironde) mairie.JPG,Havang(nl),CC0,http://creativecommons.org/publicdomain/zero/1.0/deed.en
33552,Virelade,Virelade Mairie.jpg,Henry Salomé,CC BY-SA 3.0,https://creativecommons.org/licenses/by-sa/3.0
33553,Virsac,Virsac mairie.JPG,Jack ma,CC BY-SA 3.0,https://creativecommons.org/licenses/by-sa/3.0
33554,Yvrac,Yvrac Mairie.JPG,William Ellison,CC BY-SA 4.0,https://creativecommons.org/licenses/by-sa/4.0
33555,Marcheprime,FR-33-Marcheprime.JPG,Szeder László,CC BY-SA 4.0,https://creativecommons.org/licenses/by-sa/4.0
